name                                                                            , rating, reviews, Type_Location                                                                     , Top_rated_for
TCS                                                                             ,    3.3, (1.1L) , IT Services & Consulting | Bengaluru +444 other locations                         , Job Security
Accenture                                                                       ,    3.7, (73.7k), IT Services & Consulting | Bengaluru +259 other locations                         , "Promotions, Salary, Work Satisfaction"
Wipro                                                                           ,    3.6, (65.3k), IT Services & Consulting | Hyderabad +373 other locations                         , "Promotions, Salary, Work Satisfaction"
Cognizant                                                                       ,    3.7, (61.7k), IT Services & Consulting | Hyderabad +232 other locations                         , "Promotions, Salary, Work Satisfaction"
Capgemini                                                                       ,    3.6, (53.6k), IT Services & Consulting | Bengaluru +182 other locations                         , "Work Life Balance, Job Security"
HDFC Bank                                                                       ,    3.8, (52.7k), Banking | Mumbai +1853 other locations                                            , "Job Security, Skill Development"
Infosys                                                                         ,    3.5, (49k)  , IT Services & Consulting | Bengaluru +246 other locations                         , Job Security
HCLTech                                                                         ,    3.4, (46.2k), IT Services & Consulting | Chennai +231 other locations                           , "Promotions, Salary, Work Satisfaction"
ICICI Bank                                                                      ,    4.0, (46.1k), Banking | Mumbai +1445 other locations                                            , "Job Security, Promotions, Skill Development"
Tech Mahindra                                                                   ,    3.4, (43.5k), IT Services & Consulting | Hyderabad +321 other locations                         , "Promotions, Salary, Work Satisfaction"
Genpact                                                                         ,    3.6, (42.5k), Analytics & KPO | Hyderabad +181 other locations                                  , Job Security
TP                                                                              ,    3.9, (38.8k), BPO | Mumbai +256 other locations                                                 , "Work Life Balance, Job Security, Skill Development"
Jio                                                                             ,    4.4, (33.7k), Telecom | Mumbai +1958 other locations                                            , "Job Security, Skill Development, Company Culture"
Axis Bank                                                                       ,    3.6, (33.4k), Banking | Mumbai +1523 other locations                                            , "Promotions, Work Satisfaction, Company Culture"
Concentrix Corporation                                                          ,    3.6, (32.4k), BPO | Bengaluru +183 other locations                                              , Job Security
Amazon                                                                          ,    3.9, (31.6k), Internet | Bengaluru +516 other locations                                         , "Company Culture, Work Life Balance, Salary"
Reliance Retail                                                                 ,    3.9, (27.4k), Retail | Mumbai +1161 other locations                                             , "Job Security, Skill Development, Work Life Balance"
iEnergizer                                                                      ,    4.6, (27.2k), BPO | Noida +53 other locations                                                   , "Salary, Company Culture, Work Life Balance"
LTIMindtree                                                                     ,    3.6, (26.6k), IT Services & Consulting | Bengaluru +145 other locations                         , "Promotions, Salary, Work Satisfaction"
IBM                                                                             ,    3.9, (25.9k), IT Services & Consulting | Bengaluru +162 other locations                         , "Work Life Balance, Company Culture, Job Security"
HDB Financial Services                                                          ,    3.9, (25.8k), NBFC | Mumbai +1093 other locations                                               , "Job Security, Skill Development"
Larsen & Toubro Limited                                                         ,    3.9, (24k)  , Engineering & Construction | Chennai +771 other locations                         , "Job Security, Skill Development, Salary"
Deloitte                                                                        ,    3.7, (23.3k), Management Consulting | Hyderabad +182 other locations                            , "Promotions, Work Life Balance, Work Satisfaction"
Kotak Mahindra Bank                                                             ,    3.6, (22.5k), Banking | Mumbai +691 other locations                                             , "Promotions, Work Satisfaction, Company Culture"
Reliance Industries                                                             ,    4.0, (20.3k), Oil & Gas | Jamnagar +820 other locations                                         , "Job Security, Work Life Balance, Skill Development"
Vodafone Idea                                                                   ,    3.9, (17.6k), Telecom | Pune +706 other locations                                               , "Salary, Company Culture, Work Life Balance"
Bharti Airtel                                                                   ,    3.8, (17.1k), Telecom | Gurugram +794 other locations                                           , Promotions
BYJU'S                                                                          ,    3.2, (16.4k), EdTech | Bengaluru +321 other locations                                           , "Job Security, Company Culture, Work Life Balance"
WNS                                                                             ,    3.3, (15.3k), IT Services & Consulting | Pune +66 other locations                               , "Promotions, Salary, Work Satisfaction"
IDFC FIRST Bank                                                                 ,    3.9, (14.7k), Banking | Mumbai +731 other locations                                             , "Salary, Work Life Balance, Skill Development"
Ernst & Young                                                                   ,    3.4, (14.6k), Management Consulting | Bengaluru +135 other locations                            , "Promotions, Work Life Balance, Work Satisfaction"
IndusInd Bank                                                                   ,    3.4, (14.3k), Banking | Mumbai +799 other locations                                             , "Promotions, Company Culture, Work Satisfaction"
AU Small Finance Bank                                                           ,    3.8, (14.3k), Banking | Jaipur +803 other locations                                             , Salary
Tata Motors                                                                     ,    4.1, (14.2k), Automobile | Pune +506 other locations                                            , "Job Security, Company Culture, Work Life Balance"
Muthoot FinCorp                                                                 ,    4.5, (13.2k), NBFC | Bengaluru +1121 other locations                                            , "Company Culture, Work Life Balance, Job Security"
Bajaj Finserv                                                                   ,    4.0, (13.2k), NBFC | Pune +1197 other locations                                                 , "Salary, Skill Development, Job Security"
Flipkart                                                                        ,    3.9, (13k)  , Internet | Bengaluru +554 other locations                                         , "Skill Development, Salary"
PwC                                                                             ,    3.3, (12.7k), Management Consulting | Bengaluru +137 other locations                            , "Promotions, Work Life Balance, Work Satisfaction"
HDFC Life                                                                       ,    3.8, (12.1k), Insurance | Mumbai +717 other locations                                           , Skill Development
Infosys BPM                                                                     ,    3.5, (12.1k), BPO | Bengaluru +95 other locations                                               , Job Security
Mahindra & Mahindra                                                             ,    4.0, (12.1k), Automobile | Pune +565 other locations                                            , "Job Security, Skill Development, Company Culture"
DXC Technology                                                                  ,    3.6, (12k)  , IT Services & Consulting | Bengaluru +130 other locations                         , Work Life Balance
Bandhan Bank                                                                    ,    3.7, (11.2k), Banking | Kolkata +1014 other locations                                           , "Promotions, Work Satisfaction, Skill Development"
Digitide Solutions                                                              ,    3.5, (10.4k), IT Services & Consulting | Hyderabad +274 other locations                         , "Promotions, Salary, Work Satisfaction"
Mphasis                                                                         ,    3.3, (10.3k), IT Services & Consulting | Bengaluru +64 other locations                          , "Promotions, Salary, Work Satisfaction"
Yes Bank                                                                        ,    3.7, (10.2k), Banking | Mumbai +541 other locations                                             , "Job Security, Promotions, Company Culture"
Tata Steel                                                                      ,    4.0, (9.9k) , Iron & Steel | Jamshedpur +226 other locations                                    , "Work Life Balance, Job Security, Company Culture"
Quess                                                                           ,    3.8, (9.8k) , Recruitment | Bengaluru +758 other locations                                      , "Promotions, Job Security"
Asian Paints                                                                    ,    3.9, (9.6k) , Chemicals | Mumbai +556 other locations                                           , "Salary, Skill Development, Job Security"
Maruti Suzuki                                                                   ,    4.1, (9.6k) , Automobile | Gurugram +457 other locations                                        , "Job Security, Salary, Skill Development"
Startek                                                                         ,    3.0, (9.5k) , BPO | Bengaluru +104 other locations                                              , "Promotions, Work Satisfaction, Salary"
UltraTech Cement                                                                ,    4.1, (9.5k) , Building Material | Mumbai +539 other locations                                   , "Job Security, Skill Development, Company Culture"
Paytm                                                                           ,    3.2, (9.4k) , FinTech | Noida +425 other locations                                              , "Job Security, Promotions, Company Culture"
Bajaj Finance                                                                   ,    3.9, (9.3k) , NBFC | Pune +999 other locations                                                  , "Salary, Skill Development, Job Security"
Shriram Finance                                                                 ,    3.9, (9.2k) , NBFC | Chennai +1119 other locations                                              , "Job Security, Company Culture, Work Life Balance"
Sutherland Global Services                                                      ,    3.4, (9.1k) , BPO | Chennai +82 other locations                                                 , "Promotions, Work Satisfaction, Skill Development"
Equitas Small Finance Bank                                                      ,    4.3, (8.9k) , Banking | Chennai +486 other locations                                            , "Job Security, Company Culture, Work Life Balance"
Wells Fargo                                                                     ,    3.6, (8.7k) , Financial Services | Bengaluru +27 other locations                                , Work Life Balance
EXL Service                                                                     ,    3.6, (8.7k) , Analytics & KPO | Noida +61 other locations                                       , Job Security
Cipla                                                                           ,    4.1, (8.6k) , Pharma | Mumbai +294 other locations                                              , "Salary, Work Life Balance, Skill Development"
Ericsson                                                                        ,    3.9, (8.4k) , Telecom | Noida +161 other locations                                              , "Work Life Balance, Company Culture"
Samsung                                                                         ,    3.9, (8.3k) , Consumer Electronics & Appliances | Noida +581 other locations                    , Salary
Dr. Reddy's                                                                     ,    4.0, (8.3k) , Pharma | Hyderabad +215 other locations                                           , "Company Culture, Work Life Balance, Skill Development"
Optum Global Solutions                                                          ,    4.0, (8k)   , IT Services & Consulting | Hyderabad +69 other locations                          , "Job Security, Work Life Balance, Company Culture"
JSW Steel                                                                       ,    3.9, (7.9k) , Iron & Steel | Ballari +199 other locations                                       , "Job Security, Skill Development"
JPMorgan Chase & Co.                                                            ,    3.8, (7.9k) , Financial Services | Bengaluru +56 other locations                                , Job Security
Delhivery                                                                       ,    3.8, (7.8k) , Logistics | Gurugram +763 other locations                                         , Promotions
ICICI Prudential Life Insurance                                                 ,    3.9, (7.8k) , Insurance | Mumbai +511 other locations                                           , "Job Security, Salary, Skill Development"
Hexaware Technologies                                                           ,    3.4, (7.7k) , IT Services & Consulting | Chennai +70 other locations                            , "Promotions, Salary, Work Satisfaction"
Ujjivan Small Finance Bank                                                      ,    4.0, (7.7k) , Banking | Bengaluru +544 other locations                                          , "Company Culture, Work Life Balance, Skill Development"
Jana Small Finance Bank                                                         ,    3.7, (7.7k) , Banking | Bengaluru +424 other locations                                          , Salary
Sun Pharmaceutical Industries                                                   ,    4.1, (7.7k) , Pharma | Vadodara +264 other locations                                            , "Salary, Job Security, Skill Development"
HGS                                                                             ,    3.7, (7.6k) , Emerging Technologies | Bengaluru +122 other locations                            , "Promotions, Salary"
Zydus Lifesciences                                                              ,    4.0, (7.5k) , Pharma | Ahmedabad +181 other locations                                           , "Salary, Work Life Balance, Skill Development"
Amazon Development Centre India                                                 ,    3.8, (7.5k) , Internet | Hyderabad +147 other locations                                         , "Company Culture, Work Life Balance"
Ekart Logistics                                                                 ,    3.9, (7.5k) , Logistics | Bengaluru +740 other locations                                        , Skill Development
Lupin                                                                           ,    4.1, (7.4k) , Pharma | Pune +204 other locations                                                , "Company Culture, Skill Development, Work Life Balance"
KPMG India                                                                      ,    3.4, (7.4k) , Management Consulting | Bengaluru +112 other locations                            , "Promotions, Work Life Balance, Work Satisfaction"
L&T Construction                                                                ,    4.0, (7.3k) , Engineering & Construction | Chennai +435 other locations                         , "Job Security, Skill Development, Salary"
Axis Max Life Insurance                                                         ,    4.0, (7.3k) , Insurance | New Delhi +509 other locations                                        , "Skill Development, Company Culture, Work Life Balance"
ITC                                                                             ,    3.9, (7.2k) , FMCG | Bengaluru +378 other locations                                             , "Job Security, Skill Development"
Hindustan Unilever                                                              ,    4.2, (7.2k) , FMCG | Mumbai +545 other locations                                                , "Skill Development, Company Culture, Work Life Balance"
Megha Engineering & Infrastructures                                             ,    3.9, (7k)   , Engineering & Construction | Hyderabad +408 other locations                       , Work Life Balance
Coforge                                                                         ,    3.3, (7k)   , IT Services & Consulting | Noida +103 other locations                             , "Promotions, Work Satisfaction, Skill Development"
Tata Projects                                                                   ,    4.2, (6.9k) , Engineering & Construction | Mumbai +287 other locations                          , "Salary, Company Culture, Work Life Balance"
Bajaj Life Insurance                                                            ,    3.8, (6.7k) , Insurance | Pune +618 other locations                                             , Salary
Cholamandalam Investment & Finance                                              ,    3.9, (6.7k) , Financial Services | Chennai +869 other locations                                 , Salary
L&T Technology Services                                                         ,    3.0, (6.6k) , IT Services & Consulting | Bengaluru +95 other locations                          , "Promotions, Salary, Work Satisfaction"
FIS                                                                             ,    3.8, (6.6k) , FinTech | Pune +59 other locations                                                , Work Life Balance
Oracle                                                                          ,    3.3, (6.6k) , Software Product | Bengaluru +56 other locations                                  , Work Life Balance
Omega Healthcare                                                                ,    3.8, (6.5k) , BPO | Chennai +70 other locations                                                 , "Promotions, Salary"
JLL                                                                             ,    4.1, (6.4k) , Real Estate | Gurugram +87 other locations                                        , "Job Security, Company Culture, Work Life Balance"
Muthoot Finance                                                                 ,    3.7, (6.4k) , NBFC | Bengaluru +793 other locations                                             , Promotions
IIFL Finance                                                                    ,    4.0, (6.4k) , NBFC | Mumbai +813 other locations                                                , "Work Life Balance, Company Culture, Skill Development"
eClerx                                                                          ,    3.1, (6.4k) , IT Services & Consulting | Pune +32 other locations                               , "Promotions, Salary, Work Satisfaction"
Indian Army                                                                     ,    4.7, (6.3k) , Defence & Aerospace | New Delhi +360 other locations                              , "Job Security, Company Culture, Work Life Balance"
Piramal Finance                                                                 ,    4.2, (6.2k) , NBFC | Mumbai +433 other locations                                                , "Company Culture, Work Life Balance, Skill Development"
DMart                                                                           ,    3.9, (6.2k) , Retail | Mumbai +255 other locations                                              , "Job Security, Company Culture"
PolicyBazaar                                                                    ,    3.8, (6.2k) , Internet | Gurugram +156 other locations                                          , Salary
Virtusa Consulting Services                                                     ,    3.7, (6.1k) , IT Services & Consulting | Hyderabad +55 other locations                          , "Promotions, Work Satisfaction, Job Security"
HCL Group                                                                       ,    3.5, (6.1k) , IT Services & Consulting | Chennai +97 other locations                            , Job Security
HSBC Group                                                                      ,    3.8, (6.1k) , Financial Services | Bengaluru +63 other locations                                , "Work Life Balance, Job Security, Company Culture"
Indiamart Intermesh                                                             ,    3.5, (6k)   , Internet | Noida +169 other locations                                             , "Work Satisfaction, Promotions, Company Culture"
SMFG India Credit                                                               ,    3.9, (6k)   , NBFC | Mumbai +607 other locations                                                , Salary
Access Healthcare                                                               ,    3.7, (6k)   , BPO | Chennai +62 other locations                                                 , Job Security
BigBasket                                                                       ,    3.9, (5.9k) , Internet | Bengaluru +144 other locations                                         , Job Security
Siemens                                                                         ,    3.9, (5.8k) , Industrial Automation | Bengaluru +156 other locations                            , "Work Life Balance, Job Security, Company Culture"
ICICI Lombard General Insurance Company                                         ,    3.5, (5.8k) , Insurance | Mumbai +321 other locations                                           , "Promotions, Work Satisfaction, Company Culture"
GlobalLogic                                                                     ,    3.5, (5.8k) , IT Services & Consulting | Hyderabad +62 other locations                          , "Promotions, Salary, Work Satisfaction"
Firstsource Solutions                                                           ,    3.5, (5.8k) , BPO | Bengaluru +73 other locations                                               , "Promotions, Salary, Work Satisfaction"
Manappuram Finance                                                              ,    3.9, (5.8k) , NBFC | Bengaluru +660 other locations                                             , "Work Life Balance, Promotions, Skill Development"
Aurobindo Pharma                                                                ,    4.0, (5.8k) , Pharma | Hyderabad +115 other locations                                           , "Job Security, Salary, Work Life Balance"
Tata Capital                                                                    ,    3.9, (5.7k) , NBFC | Mumbai +453 other locations                                                , "Job Security, Company Culture, Work Life Balance"
Shapoorji Pallonji Group                                                        ,    4.1, (5.7k) , Engineering & Construction | Mumbai +190 other locations                          , "Job Security, Company Culture, Work Life Balance"
Standard Chartered                                                              ,    3.6, (5.7k) , Banking | Chennai +69 other locations                                             , "Promotions, Work Satisfaction, Salary"
UST                                                                             ,    3.7, (5.7k) , IT Services & Consulting | Bengaluru +52 other locations                          , Work Life Balance
Udaan                                                                           ,    3.9, (5.7k) , Internet | Bengaluru +366 other locations                                         , "Salary, Skill Development"
Apollo Hospitals                                                                ,    4.0, (5.7k) , Healthcare | Chennai +226 other locations                                         , "Job Security, Skill Development, Company Culture"
Mahindra Finance                                                                ,    3.9, (5.7k) , NBFC | Mumbai +739 other locations                                                , Work Life Balance
Bosch Global Software Technologies                                              ,    3.7, (5.7k) , IT Services & Consulting | Bengaluru +47 other locations                          , "Work Life Balance, Company Culture, Job Security"
Swiggy                                                                          ,    3.7, (5.6k) , Internet | Bengaluru +238 other locations                                         , "Job Security, Promotions, Work Life Balance"
Citicorp                                                                        ,    3.6, (5.6k) , Financial Services | Pune +68 other locations                                     , Salary
Ashok Leyland                                                                   ,    4.0, (5.6k) , Automobile | Chennai +265 other locations                                         , "Work Life Balance, Skill Development, Company Culture"
Hero MotoCorp                                                                   ,    4.1, (5.4k) , Automobile | Gurugram +371 other locations                                        , "Work Life Balance, Company Culture, Work Satisfaction"
CGI Inc                                                                         ,    4.0, (5.4k) , IT Services & Consulting | Bengaluru +43 other locations                          , "Work Life Balance, Job Security, Company Culture"
Cyient                                                                          ,    3.6, (5.3k) , IT Services & Consulting | Hyderabad +49 other locations                          , "Promotions, Salary, Skill Development"
SBI Cards & Payment Services                                                    ,    3.6, (5.3k) , Financial Services | Gurugram +448 other locations                                , "Promotions, Work Satisfaction, Company Culture"
BNY                                                                             ,    3.6, (5.3k) , Financial Services | Pune +27 other locations                                     , "Promotions, Job Security, Work Satisfaction"
Kalpataru Projects International                                                ,    4.2, (5.3k) , Engineering & Construction | Mumbai +328 other locations                          , "Job Security, Skill Development, Salary"
NTT DATA                                                                        ,    3.8, (5.3k) , IT Services & Consulting | Bengaluru +81 other locations                          , "Work Life Balance, Job Security"
IQVIA                                                                           ,    3.7, (5.3k) , Clinical Research | Bengaluru +67 other locations                                 , Work Life Balance
Nagarjuna Construction Company                                                  ,    4.0, (5.3k) , Engineering & Construction | Hyderabad +299 other locations                       , "Job Security, Company Culture, Work Life Balance"
Schneider Electric                                                              ,    4.1, (5.2k) , Industrial Automation | Bengaluru +121 other locations                            , "Company Culture, Work Life Balance, Job Security"
JustDial                                                                        ,    3.5, (5.2k) , Internet | Noida +236 other locations                                             , "Promotions, Work Satisfaction, Job Security"
SBI Life Insurance Company                                                      ,    3.7, (5.2k) , Insurance | Mumbai +658 other locations                                           , Job Security
CBRE                                                                            ,    4.1, (5.2k) , Real Estate | Hyderabad +92 other locations                                       , "Company Culture, Work Life Balance, Job Security"
TVS Motor                                                                       ,    3.8, (5.1k) , Automobile | Hosur +354 other locations                                           , "Job Security, Skill Development, Salary"
Persistent Systems                                                              ,    3.6, (5.1k) , IT Services & Consulting | Pune +42 other locations                               , "Promotions, Job Security, Work Satisfaction"
State Bank of India                                                             ,    3.8, (5k)   , Banking | Mumbai +628 other locations                                             , "Job Security, Skill Development, Salary"
Atos                                                                            ,    3.8, (5k)   , IT Services & Consulting | Pune +49 other locations                               , Work Life Balance
KEC International                                                               ,    4.0, (5k)   , Engineering & Construction | Mumbai +318 other locations                          , "Job Security, Salary, Company Culture"
ITC Infotech                                                                    ,    3.8, (4.9k) , IT Services & Consulting | Bengaluru +69 other locations                          , "Work Life Balance, Job Security"
vivo                                                                            ,    4.1, (4.9k) , Consumer Electronics & Appliances | Noida +414 other locations                    , "Company Culture, Skill Development, Work Life Balance"
Amdocs                                                                          ,    3.6, (4.9k) , Software Product | Pune +24 other locations                                       , Company Culture
JBM Group                                                                       ,    3.9, (4.9k) , Auto Components | Gurugram +119 other locations                                   , "Job Security, Skill Development"
Varun Beverages                                                                 ,    4.0, (4.8k) , Beverage | New Delhi +384 other locations                                         , "Job Security, Work Life Balance, Skill Development"
Ecom Express                                                                    ,    4.1, (4.8k) , Logistics | Gurugram +779 other locations                                         , "Work Life Balance, Company Culture, Work Satisfaction"
Eviden                                                                          ,    3.6, (4.8k) , IT Services & Consulting | Pune +39 other locations                               , Work Life Balance
Utkarsh Small Finance Bank                                                      ,    3.6, (4.8k) , Banking | Varanasi +420 other locations                                           , "Promotions, Company Culture, Work Satisfaction"
Nagarro                                                                         ,    3.9, (4.8k) , IT Services & Consulting | Gurugram +48 other locations                           , "Company Culture, Work Life Balance"
Randstad                                                                        ,    3.7, (4.7k) , Recruitment | Hyderabad +369 other locations                                      , "Promotions, Job Security, Work Satisfaction"
EY Global Delivery Services ( EY GDS)                                           ,    3.5, (4.7k) , IT Services & Consulting | Bengaluru +56 other locations                          , Job Security
Bosch                                                                           ,    4.1, (4.7k) , Auto Components | Bengaluru +133 other locations                                  , "Work Life Balance, Company Culture, Skill Development"
Havells                                                                         ,    3.9, (4.6k) , Electrical Equipment | Noida +264 other locations                                 , "Work Life Balance, Salary"
Hewlett Packard Enterprise                                                      ,    4.0, (4.6k) , IT Services & Consulting | Bengaluru +104 other locations                         , "Company Culture, Work Life Balance, Work Satisfaction"
L&T Finance                                                                     ,    3.9, (4.6k) , NBFC | Mumbai +654 other locations                                                , Salary
Aditya Birla Fashion and Retail                                                 ,    4.0, (4.6k) , Fashion & Textile | Bengaluru +293 other locations                                , "Job Security, Skill Development, Company Culture"
Cars24                                                                          ,    3.4, (4.6k) , Internet | Gurugram +172 other locations                                          , "Job Security, Promotions, Company Culture"
Intas Pharmaceuticals                                                           ,    4.1, (4.6k) , Pharma | Ahmedabad +150 other locations                                           , "Job Security, Salary, Work Life Balance"
R1 RCM                                                                          ,    3.8, (4.6k) , BPO | Hyderabad +49 other locations                                               , Promotions
Mahindra Logistics                                                              ,    3.7, (4.6k) , Logistics | Mumbai +233 other locations                                           , "Promotions, Salary"
Tata AIA Life Insurance                                                         ,    3.9, (4.6k) , Insurance | Mumbai +454 other locations                                           , "Job Security, Skill Development, Salary"
Hetero                                                                          ,    3.9, (4.6k) , Pharma | Hyderabad +71 other locations                                            , "Job Security, Work Life Balance"
Home Credit Finance                                                             ,    4.0, (4.6k) , NBFC | Gurugram +139 other locations                                              , "Work Life Balance, Company Culture, Skill Development"
Dell                                                                            ,    3.8, (4.6k) , Consumer Electronics & Appliances | Bengaluru +116 other locations                , "Work Life Balance, Company Culture"
Deutsche Bank                                                                   ,    3.8, (4.5k) , Banking | Pune +42 other locations                                                , "Work Life Balance, Job Security, Company Culture"
Berger Paints                                                                   ,    3.7, (4.5k) , Chemicals | Kolkata +367 other locations                                          , "Promotions, Work Life Balance, Company Culture"
Lenskart                                                                        ,    3.3, (4.5k) , Internet | New Delhi +252 other locations                                         , "Promotions, Company Culture, Work Life Balance"
OPPO                                                                            ,    3.9, (4.5k) , Consumer Electronics & Appliances | Greater Noida +407 other locations            , Skill Development
Hyundai Motor India Limited                                                     ,    4.1, (4.4k) , Automobile | Chennai +292 other locations                                         , "Job Security, Skill Development, Salary"
Motilal Oswal Financial Services                                                ,    3.7, (4.4k) , Financial Services | Mumbai +169 other locations                                  , Skill Development
TeamLease Services                                                              ,    3.9, (4.4k) , Recruitment | Bengaluru +405 other locations                                      , Work Life Balance
VE Commercial Vehicles                                                          ,    3.9, (4.4k) , Automobile | Indore +180 other locations                                          , "Job Security, Company Culture, Skill Development"
Thermax Limited                                                                 ,    4.2, (4.3k) , Industrial Machinery | Pune +259 other locations                                  , "Job Security, Company Culture, Work Life Balance"
Macleods Pharmaceuticals                                                        ,    3.7, (4.2k) , Pharma | Mumbai +136 other locations                                              , Job Security
Jubilant Foods Works                                                            ,    3.7, (4.2k) , Hospitality | Noida +267 other locations                                          , "Promotions, Work Satisfaction"
Carelon Global Solutions                                                        ,    3.9, (4.2k) , IT Services & Consulting | Bengaluru +20 other locations                          , "Company Culture, Work Life Balance, Job Security"
Aakash Educational Services                                                     ,    3.2, (4.2k) , Education & Training | New Delhi +250 other locations                             , "Promotions, Work Life Balance, Job Security"
Bajaj Auto                                                                      ,    3.8, (4.2k) , Automobile | Pune +324 other locations                                            , Promotions
Jindal Steel Limited                                                            ,    3.9, (4.2k) , Iron & Steel | Angul +174 other locations                                         , Skill Development
State Street Corporation                                                        ,    3.5, (4.2k) , Financial Services | Bengaluru +36 other locations                                , "Promotions, Work Satisfaction, Job Security"
Hindalco Industries                                                             ,    4.2, (4.2k) , Metals & Mining | Sambalpur +131 other locations                                  , "Job Security, Work Life Balance, Skill Development"
LG Electronics                                                                  ,    3.8, (4.2k) , Consumer Electronics & Appliances | Pune +301 other locations                     , Job Security
Kogta Financial India Limited                                                   ,    4.7, (4.1k) , NBFC | Jaipur +260 other locations                                                , "Company Culture, Work Life Balance, Work Satisfaction"
HDFC ERGO General Insurance                                                     ,    4.0, (4.1k) , Insurance | Mumbai +327 other locations                                           , "Company Culture, Work Life Balance, Job Security"
Royal Enfield                                                                   ,    4.2, (4.1k) , Automobile | Chennai +374 other locations                                         , "Work Life Balance, Skill Development, Company Culture"
DCB Bank                                                                        ,    3.8, (4.1k) , Banking | Mumbai +346 other locations                                             , Work Life Balance
John Deere                                                                      ,    4.0, (4.1k) , Industrial Machinery | Pune +154 other locations                                  , "Company Culture, Work Life Balance, Skill Development"
RBL Bank                                                                        ,    3.5, (4.1k) , Banking | Mumbai +293 other locations                                             , "Promotions, Company Culture, Work Satisfaction"
Tata Communications                                                             ,    3.8, (4k)   , Telecom | Pune +102 other locations                                               , "Work Life Balance, Job Security"
Publicis Sapient                                                                ,    3.2, (4k)   , IT Services & Consulting | Bengaluru +47 other locations                          , "Promotions, Job Security, Work Satisfaction"
Cummins                                                                         ,    4.3, (4k)   , Industrial Machinery | Pune +115 other locations                                  , "Company Culture, Work Life Balance, Work Satisfaction"
Alembic Pharmaceuticals                                                         ,    3.9, (4k)   , Pharma | Vadodara +188 other locations                                            , "Salary, Work Life Balance"
Bank of America                                                                 ,    4.1, (4k)   , Banking | Gurugram +34 other locations                                            , "Job Security, Work Life Balance, Company Culture"
Pidilite Industries                                                             ,    4.2, (3.9k) , Chemicals | Mumbai +321 other locations                                           , "Job Security, Work Life Balance, Company Culture"
Grasim Industries                                                               ,    4.0, (3.9k) , Building Material | Bharuch +262 other locations                                  , "Job Security, Skill Development, Company Culture"
Oyo Rooms                                                                       ,    3.0, (3.9k) , Hospitality | Gurugram +121 other locations                                       , "Job Security, Work Satisfaction, Promotions"
Aditya Birla Sun Life Insurance                                                 ,    4.0, (3.9k) , Insurance | Mumbai +507 other locations                                           , "Work Life Balance, Company Culture, Job Security"
Cloudnine Hospital                                                              ,    4.5, (3.9k) , Healthcare | Bengaluru +46 other locations                                        , "Company Culture, Skill Development, Work Life Balance"
American Express                                                                ,    4.1, (3.9k) , Financial Services | Gurugram +54 other locations                                 , "Company Culture, Work Life Balance, Job Security"
Kyndryl                                                                         ,    4.0, (3.9k) , IT Services & Consulting | Bengaluru +39 other locations                          , "Work Life Balance, Company Culture, Skill Development"
PNB MetLife                                                                     ,    3.3, (3.9k) , Insurance | New Delhi +433 other locations                                        , "Company Culture, Work Satisfaction, Job Security"
Subros                                                                          ,    3.8, (3.9k) , Auto Components | Noida +88 other locations                                       , "Job Security, Skill Development"
ADP Private Limited                                                             ,    3.9, (3.9k) , Software Product | Hyderabad +41 other locations                                  , "Job Security, Work Life Balance, Company Culture"
Aditya Birla Capital                                                            ,    3.8, (3.9k) , NBFC | Mumbai +350 other locations                                                , Promotions
Altruist Technologies                                                           ,    4.4, (3.8k) , BPO | Bengaluru +43 other locations                                               , "Job Security, Company Culture, Work Life Balance"
KPIT Technologies                                                               ,    2.8, (3.8k) , Software Product | Pune +43 other locations                                       , "Job Security, Promotions, Work Satisfaction"
Viatris                                                                         ,    4.1, (3.8k) , Pharma | Hyderabad +80 other locations                                            , "Salary, Job Security, Work Life Balance"
Escorts Kubota Limited                                                          ,    4.1, (3.8k) , Industrial Machinery | Faridabad +159 other locations                             , "Company Culture, Work Life Balance, Job Security"
XpressBees                                                                      ,    4.2, (3.8k) , Logistics | Pune +481 other locations                                             , "Work Life Balance, Skill Development, Company Culture"
PVR INOX                                                                        ,    3.9, (3.8k) , Media & Entertainment | New Delhi +152 other locations                            , Promotions
Maersk                                                                          ,    3.9, (3.8k) , Logistics | Chennai +50 other locations                                           , "Work Life Balance, Company Culture"
Reliance Communications                                                         ,    4.0, (3.8k) , Telecom | Mumbai +465 other locations                                             , "Skill Development, Company Culture, Work Life Balance"
Birlasoft                                                                       ,    3.4, (3.8k) , IT Services & Consulting | Pune +50 other locations                               , "Promotions, Salary, Work Satisfaction"
JK Cement                                                                       ,    4.0, (3.8k) , Building Material | New Delhi +332 other locations                                , Salary
Synechron                                                                       ,    3.4, (3.8k) , IT Services & Consulting | Pune +33 other locations                               , "Job Security, Promotions, Work Satisfaction"
Glenmark Pharmaceuticals                                                        ,    3.8, (3.7k) , Pharma | Mumbai +189 other locations                                              , Promotions
Kotak Mahindra Life Insurance Company                                           ,    3.5, (3.7k) , Insurance | Mumbai +259 other locations                                           , "Promotions, Work Satisfaction, Company Culture"
Bharat Electronics                                                              ,    4.2, (3.7k) , Electronics Manufacturing | Bengaluru +87 other locations                         , "Work Life Balance, Company Culture, Work Satisfaction"
Dabur                                                                           ,    3.8, (3.7k) , FMCG | New Delhi +318 other locations                                             , Salary
Sodexo                                                                          ,    4.0, (3.7k) , Hospitality | Mumbai +161 other locations                                         , "Company Culture, Work Life Balance, Work Satisfaction"
PhonePe                                                                         ,    4.0, (3.7k) , FinTech | Bengaluru +405 other locations                                          , "Salary, Work Life Balance, Company Culture"
Cogent E Services                                                               ,    3.1, (3.7k) , BPO | Noida +57 other locations                                                   , "Salary, Company Culture, Work Satisfaction"
Godrej & Boyce Manufacturing                                                    ,    3.8, (3.7k) , Consumer Electronics & Appliances | Mumbai +170 other locations                   , Job Security
Blinkit                                                                         ,    3.8, (3.7k) , Internet | Gurugram +157 other locations                                          , Salary
Abbott                                                                          ,    4.1, (3.7k) , Pharma | Mumbai +214 other locations                                              , "Work Life Balance, Skill Development, Salary"
Ipca Laboratories                                                               ,    3.8, (3.6k) , Pharma | Mumbai +163 other locations                                              , "Job Security, Work Life Balance, Skill Development"
Samvardhana Motherson Group                                                     ,    3.7, (3.6k) , Auto Components | Noida +94 other locations                                       , Job Security
Aarti Industries                                                                ,    4.1, (3.6k) , Agro Chemicals | Bharuch +59 other locations                                      , "Job Security, Work Life Balance, Company Culture"
UNO Minda                                                                       ,    4.0, (3.6k) , Auto Components | Pune +111 other locations                                       , "Job Security, Company Culture, Skill Development"
Reliance Projects & Property Management Services                                ,    4.0, (3.6k) , Other | Kolkata +625 other locations                                              , "Job Security, Skill Development, Company Culture"
ArcelorMittal Nippon Steel India                                                ,    4.1, (3.6k) , Iron & Steel | Surat +88 other locations                                          , "Work Life Balance, Job Security, Company Culture"
Reliance Digital                                                                ,    4.1, (3.6k) , Retail | Mumbai +384 other locations                                              , "Skill Development, Job Security, Company Culture"
IGT Solutions                                                                   ,    3.2, (3.6k) , BPO | New Delhi +48 other locations                                               , "Promotions, Salary, Company Culture"
MRF Tyres                                                                       ,    3.6, (3.6k) , Auto Components | Chennai +194 other locations                                    , "Company Culture, Work Satisfaction, Work Life Balance"
Indian Oil Corporation                                                          ,    4.4, (3.6k) , Oil & Gas | New Delhi +312 other locations                                        , "Company Culture, Work Life Balance, Work Satisfaction"
Johnson Controls                                                                ,    3.5, (3.5k) , Industrial Automation | Pune +58 other locations                                  , "Promotions, Work Satisfaction, Skill Development"
"NTT DATA, Inc."                                                                ,    3.9, (3.5k) , IT Services & Consulting | Bengaluru +38 other locations                          , "Work Life Balance, Company Culture, Job Security"
Alkem Laboratories                                                              ,    3.9, (3.5k) , Pharma | Mumbai +200 other locations                                              , "Work Life Balance, Salary"
[24]7.ai                                                                        ,    3.4, (3.5k) , Hospitality | Bengaluru +36 other locations                                       , "Promotions, Salary, Work Satisfaction"
Honda Motorcycle & Scooter                                                      ,    4.1, (3.5k) , Automobile | Gurugram +301 other locations                                        , "Job Security, Company Culture, Work Life Balance"
Vishal Mega Mart                                                                ,    3.7, (3.5k) , Retail | New Delhi +379 other locations                                           , Salary
Hindustan Coca Cola Beverages                                                   ,    4.0, (3.5k) , Beverage | Bengaluru +263 other locations                                         , "Salary, Skill Development, Company Culture"
UBS                                                                             ,    3.8, (3.5k) , Financial Services | Pune +19 other locations                                     , "Work Life Balance, Company Culture"
Barclays                                                                        ,    3.7, (3.4k) , Banking | Pune +38 other locations                                                , "Promotions, Skill Development, Work Satisfaction"
Bajaj General Insurance Limited                                                 ,    3.7, (3.4k) , Insurance | Pune +307 other locations                                             , "Promotions, Work Satisfaction, Company Culture"
DTDC Express                                                                    ,    3.7, (3.4k) , Logistics | New Delhi +273 other locations                                        , "Promotions, Salary, Company Culture"
IndusInd Nippon Life Insurance                                                  ,    3.4, (3.4k) , Mumbai +493 other locations                                                       , "Job Security, Work Satisfaction, Promotions"
ABB                                                                             ,    4.0, (3.4k) , Industrial Machinery | Bengaluru +109 other locations                             , "Work Life Balance, Job Security, Company Culture"
Ceat Tyres                                                                      ,    3.9, (3.4k) , Auto Components | Nagpur +141 other locations                                     , "Job Security, Company Culture, Skill Development"
RSPL Group                                                                      ,    4.0, (3.4k) , FMCG | Kanpur +259 other locations                                                , "Job Security, Work Life Balance, Company Culture"
TVS Credit Services Ltd                                                         ,    4.2, (3.4k) , NBFC | Chennai +444 other locations                                               , "Salary, Company Culture, Work Life Balance"
Ford Motor                                                                      ,    4.2, (3.4k) , Automobile | Chennai +130 other locations                                         , "Company Culture, Work Life Balance, Salary"
NatWest Group                                                                   ,    3.9, (3.4k) , Banking | Gurugram +29 other locations                                            , "Work Life Balance, Job Security, Company Culture"
AGS Health                                                                      ,    4.0, (3.4k) , Analytics & KPO | Chennai +64 other locations                                     , "Company Culture, Job Security, Work Life Balance"
HARMAN                                                                          ,    3.8, (3.3k) , Consumer Electronics & Appliances | Bengaluru +42 other locations                 , "Work Life Balance, Company Culture"
Alstom Transportation                                                           ,    3.7, (3.3k) , Engineering & Construction | Bengaluru +80 other locations                        , Job Security
Croma                                                                           ,    3.8, (3.3k) , Retail | Mumbai +191 other locations                                              , "Work Life Balance, Skill Development"
Conduent                                                                        ,    3.4, (3.3k) , BPO | Bengaluru +36 other locations                                               , "Promotions, Salary, Skill Development"
Niva Bupa Health Insurance Company                                              ,    4.0, (3.3k) , Insurance | New Delhi +323 other locations                                        , "Work Life Balance, Company Culture, Work Satisfaction"
InterGlobe Aviation                                                             ,    3.4, (3.3k) , Aviation | New Delhi +104 other locations                                         , "Promotions, Salary, Work Life Balance"
Indian Air Force                                                                ,    4.6, (3.3k) , Defence & Aerospace | New Delhi +134 other locations                              , "Job Security, Company Culture, Skill Development"
Tata Technologies                                                               ,    3.4, (3.3k) , Automobile | Pune +57 other locations                                             , "Promotions, Salary, Work Satisfaction"
Tata AIG                                                                        ,    4.0, (3.3k) , Insurance | Mumbai +262 other locations                                           , "Job Security, Company Culture, Work Life Balance"
GeBBS Healthcare Solutions                                                      ,    3.8, (3.3k) , BPO | Mumbai +26 other locations                                                  , Job Security
Canara HSBC Life Insurance                                                      ,    4.1, (3.3k) , Insurance | Gurugram +366 other locations                                         , "Salary, Work Life Balance, Skill Development"
UPL                                                                             ,    4.1, (3.2k) , Agro Chemicals | Ankleshwar +185 other locations                                  , "Job Security, Work Life Balance, Skill Development"
Sagility                                                                        ,    3.9, (3.2k) , BPO | Bengaluru +28 other locations                                               , "Job Security, Company Culture, Work Life Balance"
Tata AutoComp Systems                                                           ,    3.7, (3.2k) , Auto Components | Pune +78 other locations                                        , Job Security
PepsiCo                                                                         ,    4.0, (3.2k) , Food Processing | Hyderabad +280 other locations                                  , "Company Culture, Work Life Balance, Job Security"
Allcargo Logistics                                                              ,    3.8, (3.2k) , Logistics | Mumbai +175 other locations                                           , Promotions
Max Healthcare                                                                  ,    4.0, (3.2k) , Healthcare | New Delhi +78 other locations                                        , "Job Security, Skill Development, Company Culture"
Jindal Stainless                                                                ,    4.2, (3.2k) , Iron & Steel | Jajpur +77 other locations                                         , "Job Security, Work Life Balance, Skill Development"
Mankind Pharma                                                                  ,    3.8, (3.2k) , Pharma | New Delhi +247 other locations                                           , Salary
Titan Company                                                                   ,    4.2, (3.2k) , Retail | Bengaluru +186 other locations                                           , "Company Culture, Job Security, Work Life Balance"
Dilip Buildcon                                                                  ,    3.9, (3.2k) , Engineering & Construction | Bhopal +230 other locations                          , Salary
Amazon Transportation Services                                                  ,    4.2, (3.2k) , Logistics | Hyderabad +224 other locations                                        , "Company Culture, Skill Development, Salary"
Walmart                                                                         ,    3.5, (3.1k) , Retail | Bengaluru +91 other locations                                            , "Promotions, Work Satisfaction, Job Security"
Societe Generale Global Solution Centre                                         ,    3.6, (3.1k) , IT Services & Consulting | Bengaluru +23 other locations                          , "Work Life Balance, Job Security"
Varroc Group                                                                    ,    3.6, (3.1k) , Auto Components | Pune +63 other locations                                        , "Promotions, Job Security, Company Culture"
S&P Global                                                                      ,    4.0, (3.1k) , Analytics & KPO | Hyderabad +48 other locations                                   , "Company Culture, Work Life Balance"
Marpu Foundation                                                                ,    4.9, (3.1k) , Non-Profit | Hyderabad +61 other locations                                        , "Company Culture, Work Life Balance, Work Satisfaction"
MSN Laboratories                                                                ,    3.6, (3.1k) , Pharma | Hyderabad +106 other locations                                           , Job Security
Quest Global                                                                    ,    3.5, (3.1k) , IT Services & Consulting | Bengaluru +49 other locations                          , "Promotions, Salary, Work Satisfaction"
Afcons Infrastructure                                                           ,    4.2, (3.1k) , Engineering & Construction | Mumbai +124 other locations                          , "Job Security, Skill Development, Company Culture"
Ola Electric Mobility                                                           ,    3.3, (3.1k) , Automobile | Bengaluru +442 other locations                                       , Salary
Torrent Pharmaceuticals                                                         ,    4.0, (3.1k) , Pharma | Ahmedabad +132 other locations                                           , "Job Security, Work Life Balance, Company Culture"
ESAF Small Finance Bank                                                         ,    3.6, (3.1k) , Banking | Thrissur +458 other locations                                           , "Promotions, Work Satisfaction, Company Culture"
IDFC FIRST Bharat                                                               ,    4.2, (3.1k) , Financial Services | Chennai +444 other locations                                 , "Salary, Company Culture, Work Life Balance"
Square Yards                                                                    ,    3.5, (3k)   , Internet | Gurugram +51 other locations                                           , "Job Security, Company Culture, Work Life Balance"
DS Group                                                                        ,    4.1, (3k)   , FMCG | Noida +288 other locations                                                 , "Work Life Balance, Company Culture, Job Security"
HDFC Sales                                                                      ,    3.9, (3k)   , Financial Services | Mumbai +351 other locations                                  , "Company Culture, Skill Development, Work Life Balance"
Future Group                                                                    ,    4.2, (3k)   , Retail | Mumbai +207 other locations                                              , "Company Culture, Work Life Balance, Skill Development"
Tata Elxsi                                                                      ,    3.4, (3k)   , IT Services & Consulting | Bengaluru +31 other locations                          , "Promotions, Salary, Work Satisfaction"
Zensar Technologies                                                             ,    3.7, (3k)   , IT Services & Consulting | Pune +29 other locations                               , Work Life Balance
CMS IT Services                                                                 ,    3.1, (3k)   , IT Services & Consulting | Mumbai +153 other locations                            , "Promotions, Salary, Company Culture"
Bharat Financial Inclusion                                                      ,    3.7, (3k)   , Financial Services | Hyderabad +509 other locations                               , Salary
Suzlon Group                                                                    ,    4.0, (3k)   , Power | Pune +146 other locations                                                 , "Job Security, Skill Development, Company Culture"
I Process Services                                                              ,    3.8, (3k)   , Recruitment | Mumbai +405 other locations                                         , Work Life Balance
Tata Electronics                                                                ,    3.9, (3k)   , Semiconductors | Hosur +59 other locations                                        , Job Security
Indus Towers                                                                    ,    3.6, (3k)   , Telecom | Gurugram +243 other locations                                           , "Promotions, Job Security, Work Life Balance"
Fujitsu                                                                         ,    3.8, (3k)   , IT Services & Consulting | Pune +41 other locations                               , "Work Life Balance, Company Culture"
ACC                                                                             ,    3.9, (3k)   , Building Material | Mumbai +275 other locations                                   , "Promotions, Job Security"
VVDN Technologies                                                               ,    3.6, (3k)   , IT Services & Consulting | Gurugram +51 other locations                           , "Promotions, Salary, Company Culture"
Eternal Limited                                                                 ,    3.6, (3k)   , Internet | Gurugram +219 other locations                                          , "Job Security, Promotions, Work Life Balance"
Zepto                                                                           ,    3.6, (3k)   , Internet | Bengaluru +107 other locations                                         , "Job Security, Company Culture, Promotions"
IKS Health                                                                      ,    3.6, (2.9k) , BPO | Mumbai +31 other locations                                                  , "Promotions, Salary, Work Satisfaction"
Nokia                                                                           ,    4.0, (2.9k) , Telecom | Bengaluru +165 other locations                                          , "Work Life Balance, Company Culture, Job Security"
Shoppers Stop                                                                   ,    4.0, (2.9k) , Retail | Mumbai +85 other locations                                               , "Company Culture, Work Life Balance, Job Security"
Yazaki                                                                          ,    3.9, (2.9k) , Auto Components | Pune +94 other locations                                        , "Job Security, Skill Development"
Apollo Tyres                                                                    ,    4.0, (2.9k) , Auto Components | Chennai +179 other locations                                    , "Company Culture, Work Life Balance, Job Security"
Shree Cement                                                                    ,    3.8, (2.9k) , Building Material | Beawar +263 other locations                                   , "Promotions, Job Security"
Fiserv                                                                          ,    2.8, (2.9k) , FinTech | Pune +33 other locations                                                , "Promotions, Company Culture, Job Security"
Britannia                                                                       ,    4.0, (2.8k) , Hospitality | Pune +306 other locations                                           , "Job Security, Skill Development"
Landmark Group                                                                  ,    3.8, (2.8k) , Retail | Bengaluru +175 other locations                                           , Job Security
Dalmia Bharat Cement                                                            ,    3.9, (2.8k) , Building Material | Guwahati +256 other locations                                 , "Job Security, Salary"
SRF                                                                             ,    4.1, (2.8k) , Chemicals | Bharuch +67 other locations                                           , "Job Security, Salary, Company Culture"
UnitedHealth                                                                    ,    4.0, (2.8k) , Healthcare | Hyderabad +18 other locations                                        , "Job Security, Work Life Balance, Company Culture"
Blue Dart Express Ltd                                                           ,    3.9, (2.8k) , Logistics | Mumbai +279 other locations                                           , "Job Security, Company Culture, Work Life Balance"
Kansai Nerolac Paints                                                           ,    3.8, (2.8k) , Chemicals | Mumbai +262 other locations                                           , Promotions
Nestlé                                                                          ,    3.8, (2.8k) , FMCG | Gurugram +283 other locations                                              , Salary
Exl India                                                                       ,    3.5, (2.8k) , Logistics | New Delhi +45 other locations                                         , Job Security
ZS                                                                              ,    3.1, (2.8k) , Management Consulting | Pune +17 other locations                                  , "Work Life Balance, Work Satisfaction, Promotions"
Shell                                                                           ,    3.9, (2.8k) , Oil & Gas | Bengaluru +91 other locations                                         , "Work Life Balance, Company Culture, Salary"
Exide Industries                                                                ,    3.4, (2.8k) , Auto Components | Kolkata +198 other locations                                    , "Promotions, Company Culture, Work Satisfaction"
Star Health & Allied Insurance                                                  ,    3.5, (2.7k) , Insurance | Chennai +336 other locations                                          , "Promotions, Company Culture, Work Satisfaction"
KPMG Global Services                                                            ,    3.4, (2.7k) , Management Consulting | Bengaluru +38 other locations                             , "Promotions, Work Satisfaction, Salary"
Physicswallah                                                                   ,    3.6, (2.7k) , EdTech | Noida +139 other locations                                               , "Promotions, Job Security, Work Satisfaction"
Flex                                                                            ,    3.9, (2.7k) , Electronics Manufacturing | Chennai +46 other locations                           , "Company Culture, Work Life Balance, Work Satisfaction"
Foxconn                                                                         ,    3.8, (2.7k) , Electronics Manufacturing | Chennai +64 other locations                           , Job Security
Micro Labs                                                                      ,    3.6, (2.7k) , Pharma | Bengaluru +155 other locations                                           , Job Security
TVS Supply Chain Solutions                                                      ,    3.8, (2.7k) , Logistics | Chennai +155 other locations                                          , "Promotions, Salary"
ElasticRun                                                                      ,    3.6, (2.7k) , Logistics | Pune +390 other locations                                             , Salary
KFintech                                                                        ,    3.3, (2.7k) , Financial Services | Hyderabad +113 other locations                               , "Promotions, Salary, Skill Development"
Whitehat jr                                                                     ,    3.3, (2.7k) , EdTech | Mumbai +48 other locations                                               , "Job Security, Promotions, Company Culture"
Capita                                                                          ,    3.5, (2.7k) , BPO | Pune +32 other locations                                                    , "Promotions, Salary, Job Security"
G4S                                                                             ,    4.0, (2.7k) , Law Enforcement & Security | Gurugram +165 other locations                        , "Work Life Balance, Job Security, Salary"
Ajanta Pharma                                                                   ,    3.9, (2.7k) , Pharma | Mumbai +118 other locations                                              , Job Security
Blue Star                                                                       ,    4.0, (2.7k) , Consumer Electronics & Appliances | Mumbai +148 other locations                   , "Company Culture, Skill Development, Work Life Balance"
Care Health Insurance                                                           ,    3.5, (2.7k) , Insurance | Gurugram +253 other locations                                         , "Promotions, Salary, Company Culture"
Voltas                                                                          ,    4.0, (2.6k) , Consumer Electronics & Appliances | Mumbai +203 other locations                   , "Job Security, Work Life Balance, Company Culture"
Movate                                                                          ,    3.1, (2.6k) , IT Services & Consulting | Chennai +38 other locations                            , "Promotions, Salary, Company Culture"
Gallagher                                                                       ,    3.6, (2.6k) , Insurance | Bengaluru +29 other locations                                         , "Work Life Balance, Job Security"
Sonalika Tractors                                                               ,    3.5, (2.6k) , Automobile | Hoshiarpur +195 other locations                                      , "Promotions, Company Culture, Work Satisfaction"
Photon Interactive                                                              ,    4.1, (2.6k) , IT Services & Consulting | Chennai +19 other locations                            , "Work Satisfaction, Skill Development, Salary"
BlackBuck                                                                       ,    3.7, (2.6k) , Internet | Bengaluru +362 other locations                                         , "Job Security, Promotions"
Tata Advanced Systems                                                           ,    3.7, (2.6k) , Defence & Aerospace | Bengaluru +58 other locations                               , Job Security
NoBroker                                                                        ,    3.0, (2.6k) , Internet | Bengaluru +46 other locations                                          , "Job Security, Promotions, Work Satisfaction"
DBS Bank                                                                        ,    3.7, (2.6k) , Banking | Hyderabad +180 other locations                                          , Salary
Adani Power                                                                     ,    3.7, (2.6k) , Power | Mundra +129 other locations                                               , Promotions
ACT Fibernet                                                                    ,    3.8, (2.6k) , Telecom | Hyderabad +57 other locations                                           , "Company Culture, Job Security"
Domino's Pizza                                                                  ,    3.9, (2.6k) , Hospitality | New Delhi +253 other locations                                      , "Skill Development, Salary"
Foundever                                                                       ,    3.4, (2.6k) , BPO | Hyderabad +21 other locations                                               , "Promotions, Salary, Work Satisfaction"
IntouchCX                                                                       ,    2.7, (2.6k) , BPO | Hyderabad +22 other locations                                               , "Promotions, Job Security, Company Culture"
Fortis Healthcare                                                               ,    4.0, (2.6k) , Healthcare | New Delhi +69 other locations                                        , "Job Security, Company Culture, Work Life Balance"
Himalaya Wellness                                                               ,    3.9, (2.6k) , Pharma | Bengaluru +243 other locations                                           , "Company Culture, Work Life Balance"
BT Group                                                                        ,    3.8, (2.6k) , Telecom | Gurugram +26 other locations                                            , "Work Life Balance, Company Culture"
Laurus Labs                                                                     ,    4.3, (2.6k) , Pharma | Visakhapatnam +34 other locations                                        , "Job Security, Salary, Company Culture"
Sahrudaya Healthcare (Medicover Hospitals)                                      ,    4.4, (2.6k) , Healthcare | Hyderabad +46 other locations                                        , "Work Life Balance, Skill Development, Company Culture"
V-Mart                                                                          ,    4.0, (2.5k) , Retail | Gurugram +286 other locations                                            , "Skill Development, Work Life Balance, Job Security"
Alldigi Tech                                                                    ,    3.9, (2.5k) , BPO | Chennai +36 other locations                                                 , "Work Life Balance, Job Security"
JCB                                                                             ,    3.8, (2.5k) , Industrial Machinery | Pune +111 other locations                                  , Work Life Balance
Sterlite Technologies                                                           ,    3.8, (2.5k) , Hardware & Networking | Chhatrapati Sambhajinagar +100 other locations            , "Promotions, Job Security"
Northern Trust Operating Services                                               ,    3.6, (2.5k) , Financial Services | Bengaluru +27 other locations                                , "Promotions, Salary, Work Satisfaction"
Bajaj Electricals                                                               ,    3.9, (2.5k) , Consumer Electronics & Appliances | Mumbai +233 other locations                   , "Work Life Balance, Salary"
Tractors and Farm Equipment                                                     ,    3.9, (2.5k) , Industrial Machinery | Chennai +192 other locations                               , "Work Life Balance, Skill Development"
Sammaan Capital Limited                                                         ,    3.7, (2.5k) , NBFC | Gurugram +199 other locations                                              , Work Life Balance
Parle Agro                                                                      ,    3.9, (2.5k) , Beverage | Mumbai +259 other locations                                            , "Work Life Balance, Job Security"
Adani Group                                                                     ,    3.8, (2.5k) , Power | Ahmedabad +201 other locations                                            , Promotions
CorroHealth Infotech                                                            ,    3.6, (2.5k) , Analytics & KPO | Hyderabad +38 other locations                                   , Salary
ICICI Securities                                                                ,    3.9, (2.5k) , Financial Services | Mumbai +151 other locations                                  , "Job Security, Work Life Balance, Company Culture"
Planet Spark                                                                    ,    3.8, (2.5k) , EdTech | Gurugram +59 other locations                                             , "Skill Development, Company Culture"
Emcure Pharmaceuticals                                                          ,    3.6, (2.5k) , Pharma | Pune +119 other locations                                                , "Promotions, Job Security, Company Culture"
Biocon Limited                                                                  ,    4.0, (2.5k) , Biotechnology | Bengaluru +66 other locations                                     , "Work Life Balance, Company Culture, Job Security"
McDonald's                                                                      ,    3.9, (2.4k) , Hospitality | New Delhi +151 other locations                                      , "Skill Development, Job Security"
Intellect Design Arena                                                          ,    3.5, (2.4k) , Software Product | Chennai +40 other locations                                    , Job Security
Hero FinCorp                                                                    ,    3.9, (2.4k) , NBFC | New Delhi +395 other locations                                             , "Work Life Balance, Company Culture"
TaskUs                                                                          ,    3.0, (2.4k) , BPO | Indore +37 other locations                                                  , "Promotions, Job Security, Skill Development"
Paras Hospital                                                                  ,    4.1, (2.4k) , Healthcare | Patna +60 other locations                                            , "Work Life Balance, Skill Development, Salary"
Datamatics Global Services                                                      ,    3.4, (2.4k) , IT Services & Consulting | Mumbai +37 other locations                             , "Promotions, Salary, Company Culture"
Mahindra Holidays & Resorts                                                     ,    3.5, (2.4k) , Hospitality | Mumbai +113 other locations                                         , "Promotions, Work Life Balance, Work Satisfaction"
Mahindra Rural Housing Finance                                                  ,    4.0, (2.4k) , NBFC | Mumbai +471 other locations                                                , "Work Life Balance, Company Culture"
Patanjali Ayurved                                                               ,    3.9, (2.4k) , FMCG | Haridwar +298 other locations                                              , Work Life Balance
Cadila Pharmaceuticals                                                          ,    3.2, (2.4k) , Pharma | Ahmedabad +136 other locations                                           , "Job Security, Promotions, Company Culture"
Statestreet HCL Services                                                        ,    3.4, (2.4k) , BPO | Chennai +18 other locations                                                 , "Promotions, Salary, Company Culture"
Syngene International                                                           ,    3.8, (2.4k) , Clinical Research | Bengaluru +22 other locations                                 , Work Life Balance
GAO Tek                                                                         ,    4.4, (2.4k) , Electrical Equipment | New York +44 other locations                               , "Work Life Balance, Skill Development, Company Culture"
Aditya Birla Group                                                              ,    4.1, (2.4k) , Metals & Mining | Mumbai +273 other locations                                     , "Job Security, Work Life Balance, Skill Development"
Taj Hotels Resorts and Palaces                                                  ,    4.2, (2.4k) , Hospitality | Mumbai +114 other locations                                         , "Job Security, Company Culture, Skill Development"
Cholamandalam MS General Insurance                                              ,    3.7, (2.4k) , Insurance | Chennai +394 other locations                                          , "Promotions, Work Satisfaction, Skill Development"
3i Infotech                                                                     ,    3.4, (2.4k) , IT Services & Consulting | Mumbai +131 other locations                            , "Promotions, Salary, Company Culture"
Bureau Veritas                                                                  ,    3.8, (2.4k) , Other | Mumbai +150 other locations                                               , Work Life Balance
Info Edge                                                                       ,    3.9, (2.4k) , Internet | Noida +70 other locations                                              , "Job Security, Company Culture, Work Life Balance"
Axis Direct                                                                     ,    3.7, (2.4k) , Financial Services | Mumbai +270 other locations                                  , "Promotions, Work Satisfaction, Skill Development"
Capgemini Engineering                                                           ,    3.3, (2.4k) , IT Services & Consulting | Bengaluru +28 other locations                          , "Promotions, Salary, Work Satisfaction"
Delhi Public School                                                             ,    3.7, (2.4k) , Education & Training | New Delhi +277 other locations                             , Promotions
RMSI                                                                            ,    3.5, (2.4k) , IT Services & Consulting | Hyderabad +25 other locations                          , "Promotions, Salary, Skill Development"
Newgen Software Technologies                                                    ,    4.1, (2.4k) , IT Services & Consulting | Noida +32 other locations                              , "Job Security, Company Culture, Work Life Balance"
Aavas Financiers                                                                ,    3.9, (2.4k) , NBFC | Jaipur +295 other locations                                                , Skill Development
Cybage                                                                          ,    3.7, (2.3k) , IT Services & Consulting | Pune +15 other locations                               , "Company Culture, Work Life Balance"
KocharTech                                                                      ,    3.6, (2.3k) , IT Services & Consulting | Kolkata +25 other locations                            , "Promotions, Salary, Work Satisfaction"
Straive                                                                         ,    3.3, (2.3k) , IT Services & Consulting | Chennai +32 other locations                            , "Promotions, Salary, Skill Development"
Sopra Steria                                                                    ,    3.9, (2.3k) , IT Services & Consulting | Noida +19 other locations                              , "Work Life Balance, Job Security, Company Culture"
Xoriant                                                                         ,    4.0, (2.3k) , IT Services & Consulting | Pune +23 other locations                               , "Work Life Balance, Company Culture, Work Satisfaction"
Lodha                                                                           ,    4.2, (2.3k) , Real Estate | Mumbai +29 other locations                                          , "Company Culture, Work Life Balance, Job Security"
Kia India                                                                       ,    3.9, (2.3k) , Automobile | Anantapur +190 other locations                                       , "Job Security, Skill Development"
Apollo Pharmacy                                                                 ,    3.7, (2.3k) , Pharma | Hyderabad +289 other locations                                           , Job Security
Akums Drugs & Pharmaceuticals Limited                                           ,    4.2, (2.3k) , Pharma | Haridwar +39 other locations                                             , "Job Security, Skill Development, Company Culture"
GVK Emergency Management and Research Institute                                 ,    3.6, (2.3k) , Non-Profit | Lucknow +216 other locations                                         , "Promotions, Job Security, Company Culture"
TCE                                                                             ,    3.8, (2.3k) , Engineering & Construction | Mumbai +133 other locations                          , "Work Life Balance, Job Security"
Sobha                                                                           ,    3.8, (2.3k) , Real Estate | Bengaluru +39 other locations                                       , Job Security
Eureka Forbes                                                                   ,    3.6, (2.3k) , Consumer Electronics & Appliances | Mumbai +185 other locations                   , "Promotions, Job Security, Company Culture"
Lifestyle                                                                       ,    4.2, (2.3k) , Retail | Bengaluru +129 other locations                                           , "Work Life Balance, Job Security, Company Culture"
SBI Securities                                                                  ,    3.6, (2.3k) , Financial Services | Mumbai +321 other locations                                  , "Promotions, Company Culture, Work Satisfaction"
Bharat Petroleum                                                                ,    4.2, (2.3k) , Oil & Gas | Mumbai +263 other locations                                           , "Skill Development, Company Culture, Work Life Balance"
Endurance Technologies Limited                                                  ,    4.0, (2.3k) , Auto Components | Chhatrapati Sambhajinagar +51 other locations                   , "Skill Development, Job Security"
Myntra                                                                          ,    3.8, (2.3k) , Internet | Bengaluru +102 other locations                                         , "Company Culture, Skill Development"
Team Computers                                                                  ,    3.6, (2.3k) , IT Services & Consulting | New Delhi +108 other locations                         , "Promotions, Salary, Work Satisfaction"
Panasonic Life Solutions India                                                  ,    3.9, (2.3k) , Consumer Electronics & Appliances | Mumbai +168 other locations                   , "Company Culture, Work Life Balance, Job Security"
Radisson Hotels                                                                 ,    4.0, (2.3k) , Hospitality | New Delhi +131 other locations                                      , "Skill Development, Company Culture, Work Life Balance"
Unacademy                                                                       ,    2.9, (2.3k) , EdTech | Bengaluru +73 other locations                                            , "Job Security, Promotions, Work Life Balance"
Daikin Airconditioning India Pvt. Ltd.                                          ,    4.2, (2.3k) , Consumer Electronics & Appliances | Neemrana +108 other locations                 , "Job Security, Work Life Balance, Company Culture"
BNP Paribas                                                                     ,    3.7, (2.3k) , Banking | Mumbai +27 other locations                                              , "Job Security, Work Life Balance"
Star Union Dai-ichi Life Insurance                                              ,    3.8, (2.3k) , Insurance | Mumbai +327 other locations                                           , Promotions
AWL Agri Business                                                               ,    4.0, (2.2k) , FMCG | Ahmedabad +204 other locations                                             , "Job Security, Work Life Balance, Skill Development"
Bharti AXA Life Insurance                                                       ,    3.6, (2.2k) , Insurance | Mumbai +244 other locations                                           , "Job Security, Work Satisfaction, Promotions"
SBI General Insurance                                                           ,    3.5, (2.2k) , Insurance | Mumbai +294 other locations                                           , "Promotions, Work Satisfaction, Skill Development"
Cisco                                                                           ,    4.1, (2.2k) , Hardware & Networking | Bengaluru +46 other locations                             , "Work Life Balance, Company Culture, Skill Development"
Henry Harvin Education                                                          ,    4.0, (2.2k) , EdTech | Noida +34 other locations                                                , "Work Life Balance, Work Satisfaction, Job Security"
Renault Nissan Technology & Business Centre India                               ,    3.7, (2.2k) , Automobile | Chennai +21 other locations                                          , "Work Life Balance, Job Security"
Lava International                                                              ,    3.8, (2.2k) , Consumer Electronics & Appliances | Noida +223 other locations                    , Promotions
Allstate                                                                        ,    3.7, (2.2k) , Insurance | Pune +17 other locations                                              , Work Life Balance
Sify Technologies                                                               ,    3.6, (2.2k) , IT Services & Consulting | Chennai +135 other locations                           , "Promotions, Salary, Company Culture"
Coromandel International                                                        ,    4.1, (2.2k) , Agro Chemicals | Visakhapatnam +186 other locations                               , "Job Security, Company Culture, Work Life Balance"
Whirlpool                                                                       ,    4.0, (2.2k) , Consumer Electronics & Appliances | Pune +172 other locations                     , "Work Life Balance, Company Culture, Work Satisfaction"
ValueLabs                                                                       ,    3.5, (2.2k) , IT Services & Consulting | Hyderabad +20 other locations                          , "Promotions, Skill Development, Work Satisfaction"
GlaxoSmithKline Pharmaceuticals                                                 ,    4.0, (2.2k) , Pharma | Bengaluru +216 other locations                                           , "Company Culture, Work Life Balance, Salary"
Ambuja Cements                                                                  ,    3.8, (2.2k) , Building Material | Mumbai +260 other locations                                   , "Promotions, Job Security"
Indian Railways                                                                 ,    4.2, (2.2k) , Railways | Kolkata +250 other locations                                           , "Job Security, Work Life Balance, Skill Development"
Meesho                                                                          ,    3.7, (2.2k) , Internet | Bengaluru +133 other locations                                         , Salary
Shahi Exports                                                                   ,    3.9, (2.2k) , Fashion & Textile | Bengaluru +71 other locations                                 , "Job Security, Company Culture, Work Life Balance"
Mercedes-Benz Research and Development India                                    ,    3.6, (2.2k) , IT Services & Consulting | Bengaluru +52 other locations                          , "Work Life Balance, Job Security"
Bank of Baroda                                                                  ,    3.5, (2.2k) , Banking | Mumbai +301 other locations                                             , Job Security
Nokia Networks                                                                  ,    4.1, (2.2k) , Hardware & Networking | Bengaluru +86 other locations                             , "Company Culture, Work Life Balance, Work Satisfaction"
Spark Minda                                                                     ,    3.8, (2.2k) , Auto Components | Pune +76 other locations                                        , Promotions
Poonawalla Fincorp                                                              ,    3.5, (2.2k) , NBFC | Pune +266 other locations                                                  , "Promotions, Company Culture, Work Satisfaction"
Generali Central Life Insurance                                                 ,    3.4, (2.2k) , Insurance | Mumbai +207 other locations                                           , "Promotions, Work Satisfaction, Job Security"
Life Insurance Corporation of India                                             ,    4.4, (2.1k) , Insurance | New Delhi +478 other locations                                        , "Work Life Balance, Company Culture, Work Satisfaction"
Brakes India                                                                    ,    3.9, (2.1k) , Auto Components | Chennai +100 other locations                                    , "Job Security, Skill Development, Company Culture"
upGrad                                                                          ,    3.3, (2.1k) , EdTech | Bengaluru +51 other locations                                            , "Job Security, Promotions, Work Satisfaction"
JK Tyre                                                                         ,    3.8, (2.1k) , Auto Components | Chennai +148 other locations                                    , Promotions
Saint-Gobain                                                                    ,    3.8, (2.1k) , Building Material | Mumbai +104 other locations                                   , "Job Security, Company Culture, Work Life Balance"
Microsoft Corporation                                                           ,    3.8, (2.1k) , Software Product | Bengaluru +46 other locations                                  , "Work Life Balance, Company Culture"
Cargill                                                                         ,    3.9, (2.1k) , Food Processing | Bengaluru +122 other locations                                  , "Work Life Balance, Company Culture"
Jio Platforms                                                                   ,    3.4, (2.1k) , IT Services & Consulting | Mumbai +105 other locations                            , Job Security
Manipal Hospitals                                                               ,    4.0, (2.1k) , Healthcare | Bengaluru +66 other locations                                        , "Job Security, Skill Development, Company Culture"
FirstCry                                                                        ,    3.5, (2.1k) , Retail | Pune +213 other locations                                                , "Promotions, Company Culture, Work Satisfaction"
CAMS                                                                            ,    3.6, (2.1k) , Financial Services | Chennai +109 other locations                                 , Job Security
Power Mech Projects                                                             ,    3.8, (2.1k) , Engineering & Construction | Hyderabad +151 other locations                       , Job Security
BHEL                                                                            ,    4.2, (2.1k) , Electrical Equipment | Bengaluru +134 other locations                             , "Job Security, Work Life Balance, Company Culture"
Nuvoco Vistas                                                                   ,    4.1, (2.1k) , Building Material | Kolkata +202 other locations                                  , "Job Security, Skill Development, Salary"
Kotak Securities                                                                ,    3.5, (2.1k) , Financial Services | Mumbai +142 other locations                                  , "Promotions, Work Satisfaction, Skill Development"
NTT DATA Business Solutions                                                     ,    4.1, (2.1k) , IT Services & Consulting | Bengaluru +32 other locations                          , "Company Culture, Work Life Balance, Job Security"
Infinite Computer Solutions                                                     ,    3.2, (2.1k) , IT Services & Consulting | Bengaluru +36 other locations                          , "Promotions, Job Security, Company Culture"
Force Motors                                                                    ,    3.7, (2.1k) , Automobile | Pune +106 other locations                                            , "Promotions, Company Culture, Work Satisfaction"
Pfizer                                                                          ,    3.9, (2.1k) , Pharma | Visakhapatnam +133 other locations                                       , "Work Life Balance, Company Culture"
CitiusTech                                                                      ,    3.1, (2.1k) , IT Services & Consulting | Mumbai +17 other locations                             , "Promotions, Job Security, Work Satisfaction"
Huawei Technologies                                                             ,    4.1, (2.1k) , Telecom | Bengaluru +104 other locations                                          , "Salary, Skill Development, Company Culture"
"Maruti Suzuki India Limited, Hansalpur"                                        ,    4.2, (2.1k) , Automobile | Ahmedabad +108 other locations                                       , "Job Security, Company Culture, Salary"
Simplex Infrastructures                                                         ,    3.4, (2.1k) , Engineering & Construction | Kolkata +137 other locations                         , "Promotions, Salary, Work Life Balance"
IndusInd General Insurance                                                      ,    3.6, (2.1k) , Insurance | Mumbai +197 other locations                                           , "Promotions, Work Satisfaction, Company Culture"
Reliance Trends                                                                 ,    4.1, (2.1k) , Retail | Bengaluru +396 other locations                                           , "Job Security, Skill Development, Company Culture"
ITC Hotels                                                                      ,    4.1, (2.1k) , Hospitality | Bengaluru +94 other locations                                       , "Job Security, Skill Development, Company Culture"
Biological E                                                                    ,    4.2, (2.1k) , Pharma | Hyderabad +74 other locations                                            , "Job Security, Work Life Balance, Company Culture"
Morgan Stanley                                                                  ,    3.6, (2.1k) , Financial Services | Mumbai +19 other locations                                   , "Promotions, Job Security, Work Satisfaction"
Raymond Lifestyle Limited                                                       ,    4.1, (2.1k) , Fashion & Textile | Mumbai +150 other locations                                   , "Work Life Balance, Company Culture, Job Security"
SGS                                                                             ,    3.7, (2.1k) , Engineering & Construction | Mumbai +148 other locations                          , "Promotions, Salary"
Ola Cabs                                                                        ,    3.2, (2.1k) , Internet | Bengaluru +112 other locations                                         , "Job Security, Promotions, Company Culture"
Delphi TVS                                                                      ,    3.8, (2.1k) , Auto Components | Chennai +61 other locations                                     , Skill Development
EPAM Systems                                                                    ,    3.7, (2.1k) , IT Services & Consulting | Hyderabad +36 other locations                          , "Skill Development, Salary, Work Life Balance"
Renault-Nissan                                                                  ,    4.1, (2k)   , Automobile | Chennai +85 other locations                                          , "Work Life Balance, Job Security, Company Culture"
Extramarks Education                                                            ,    3.3, (2k)   , EdTech | Noida +112 other locations                                               , "Job Security, Promotions, Work Satisfaction"
K12 Techno Services                                                             ,    3.7, (2k)   , EdTech | Bengaluru +43 other locations                                            , "Job Security, Promotions"
YASH Technologies                                                               ,    3.7, (2k)   , IT Services & Consulting | Hyderabad +32 other locations                          , "Promotions, Salary, Work Satisfaction"
Aditya Birla Health Insurance Co                                                ,    3.7, (2k)   , Insurance | Mumbai +255 other locations                                           , Promotions
Narayana Health                                                                 ,    4.0, (2k)   , Healthcare | Bengaluru +65 other locations                                        , "Job Security, Work Life Balance, Skill Development"
Novartis                                                                        ,    4.1, (2k)   , Pharma | Hyderabad +75 other locations                                            , "Work Life Balance, Company Culture, Salary"
Senco Gold                                                                      ,    4.4, (2k)   , Jewellery | Kolkata +83 other locations                                           , "Job Security, Skill Development, Company Culture"
IDBI Bank                                                                       ,    3.3, (2k)   , Banking | Mumbai +337 other locations                                             , "Promotions, Company Culture, Work Life Balance"
Shadowfax Technologies                                                          ,    3.5, (2k)   , Logistics | Bengaluru +247 other locations                                        , "Job Security, Promotions, Company Culture"
Trent                                                                           ,    3.9, (2k)   , Retail | Mumbai +150 other locations                                              , "Job Security, Skill Development"
HSBC Electronic Data Processing                                                 ,    4.0, (2k)   , IT Services & Consulting | Bengaluru +19 other locations                          , "Company Culture, Work Life Balance, Job Security"
SAP                                                                             ,    4.1, (2k)   , Software Product | Bengaluru +53 other locations                                  , "Work Life Balance, Company Culture, Job Security"
Haier Appliances India                                                          ,    4.0, (2k)   , Consumer Electronics & Appliances | Pune +164 other locations                     , "Skill Development, Salary"
Honeywell Automation                                                            ,    3.8, (2k)   , Industrial Automation | Pune +78 other locations                                  , Promotions
AECOM                                                                           ,    4.2, (2k)   , Engineering & Construction | Gurugram +124 other locations                        , "Work Life Balance, Company Culture, Work Satisfaction"
Ninjacart                                                                       ,    3.8, (2k)   , Internet | Bengaluru +114 other locations                                         , Salary
Schindler                                                                       ,    3.9, (2k)   , Industrial Machinery | Pune +90 other locations                                   , "Skill Development, Company Culture, Salary"
R.R. Donnelley                                                                  ,    3.6, (2k)   , Marketing & Advertising | Chennai +26 other locations                             , Job Security
L&T Energy Hydrocarbon                                                          ,    3.8, (2k)   , Engineering & Construction | Vadodara +88 other locations                         , "Job Security, Skill Development"
State Street Syntel                                                             ,    3.7, (2k)   , Financial Services | Pune +21 other locations                                     , Job Security
Motherson Automotive Technologies and Engineering                               ,    3.7, (2k)   , Auto Components | Chennai +66 other locations                                     , Job Security
Paisabazaar.com                                                                 ,    3.4, (2k)   , Internet | Gurugram +35 other locations                                           , "Job Security, Promotions, Company Culture"
NCR Voyix                                                                       ,    3.4, (2k)   , IT Services & Consulting | Hyderabad +89 other locations                          , "Promotions, Job Security, Skill Development"
Globiva                                                                         ,    3.0, (1.9k) , BPO | Gurugram +30 other locations                                                , "Promotions, Work Satisfaction, Job Security"
V-Guard                                                                         ,    4.3, (1.9k) , Consumer Electronics & Appliances | Kochi +170 other locations                    , "Company Culture, Work Life Balance, Job Security"
Uflex                                                                           ,    3.8, (1.9k) , Packaging | Noida +48 other locations                                             , "Job Security, Work Life Balance"
Dr Lal PathLabs                                                                 ,    4.2, (1.9k) , Healthcare | New Delhi +201 other locations                                       , "Job Security, Company Culture, Skill Development"
CMS Infosystems                                                                 ,    3.5, (1.9k) , Software Product | Mumbai +223 other locations                                    , "Promotions, Salary, Company Culture"
Provana                                                                         ,    4.0, (1.9k) , BPO | Noida +11 other locations                                                   , "Company Culture, Work Life Balance, Work Satisfaction"
Spinny                                                                          ,    3.6, (1.9k) , Internet | Gurugram +62 other locations                                           , "Promotions, Work Life Balance, Work Satisfaction"
Microland                                                                       ,    3.5, (1.9k) , IT Services & Consulting | Bengaluru +46 other locations                          , "Promotions, Work Satisfaction, Salary"
CNH (Case New Holland)                                                          ,    3.7, (1.9k) , Industrial Machinery | Gurugram +140 other locations                              , Work Life Balance
Crisil                                                                          ,    3.5, (1.9k) , Analytics & KPO | Mumbai +81 other locations                                      , "Promotions, Salary, Work Satisfaction"
Adecco Group                                                                    ,    3.8, (1.9k) , Recruitment | Bengaluru +185 other locations                                      , Work Life Balance
Philips                                                                         ,    3.8, (1.9k) , Medical Equipment | Bengaluru +97 other locations                                 , Work Life Balance
Aye Finance                                                                     ,    4.1, (1.9k) , NBFC | Gurugram +377 other locations                                              , "Salary, Company Culture, Work Life Balance"
Gabriel India Limited                                                           ,    4.1, (1.9k) , Auto Components | Pune +52 other locations                                        , "Job Security, Skill Development, Company Culture"
Aadhar Housing Finance                                                          ,    4.0, (1.9k) , NBFC | Mumbai +330 other locations                                                , "Skill Development, Company Culture, Work Satisfaction"
Parle Products                                                                  ,    3.9, (1.9k) , FMCG | Mumbai +247 other locations                                                , Salary
HTC Global Services                                                             ,    3.4, (1.9k) , IT Services & Consulting | Chennai +32 other locations                            , "Promotions, Skill Development, Company Culture"
Angel One                                                                       ,    3.5, (1.9k) , FinTech | Mumbai +133 other locations                                             , "Promotions, Job Security, Work Satisfaction"
TELUS Digital                                                                   ,    3.5, (1.9k) , IT Services & Consulting | Noida +27 other locations                              , "Promotions, Job Security, Skill Development"
DHL Supply Chain                                                                ,    4.2, (1.9k) , Logistics | Mumbai +100 other locations                                           , "Job Security, Work Life Balance, Company Culture"
Tata Power                                                                      ,    3.9, (1.9k) , Power | Mumbai +155 other locations                                               , "Job Security, Work Life Balance, Company Culture"
G R Infraprojects                                                               ,    4.1, (1.9k) , Engineering & Construction | Gurugram +160 other locations                        , "Salary, Work Life Balance, Work Satisfaction"
Thomson Reuters                                                                 ,    3.7, (1.9k) , Software Product | Bengaluru +27 other locations                                  , "Work Life Balance, Company Culture"
Google                                                                          ,    4.4, (1.9k) , Software Product | Bengaluru +86 other locations                                  , "Company Culture, Work Life Balance, Work Satisfaction"
Iris Software                                                                   ,    3.8, (1.9k) , IT Services & Consulting | Noida +23 other locations                              , Work Life Balance
Trident Group                                                                   ,    3.2, (1.9k) , Hospitality | Barnala +58 other locations                                         , Salary
ICICI Home Finance                                                              ,    3.7, (1.9k) , Financial Services | Mumbai +221 other locations                                  , Salary
Lucas-TVS                                                                       ,    3.9, (1.9k) , Auto Components | Chennai +78 other locations                                     , Job Security
NTPC                                                                            ,    4.2, (1.9k) , Power | New Delhi +124 other locations                                            , "Company Culture, Work Life Balance, Skill Development"
CSB Bank                                                                        ,    3.2, (1.9k) , Banking | Mumbai +236 other locations                                             , "Promotions, Company Culture, Work Satisfaction"
Safexpress                                                                      ,    3.9, (1.9k) , Logistics | New Delhi +158 other locations                                        , "Job Security, Company Culture, Work Life Balance"
Verizon                                                                         ,    3.5, (1.9k) , Telecom | Hyderabad +12 other locations                                           , Salary
PI Industries                                                                   ,    3.8, (1.9k) , Agro Chemicals | Vadodara +108 other locations                                    , Salary
Infinx                                                                          ,    3.7, (1.9k) , Software Product | Hyderabad +35 other locations                                  , Job Security
Tekwissen                                                                       ,    4.9, (1.9k) , IT Services & Consulting | Visakhapatnam +5 other locations                       , "Company Culture, Work Life Balance, Work Satisfaction"
NeoSOFT                                                                         ,    3.3, (1.9k) , IT Services & Consulting | Mumbai +25 other locations                             , "Job Security, Promotions, Company Culture"
Godrej Properties                                                               ,    3.6, (1.9k) , Real Estate | Mumbai +34 other locations                                          , Salary
Torrent Power                                                                   ,    3.8, (1.9k) , Power | Ahmedabad +61 other locations                                             , "Job Security, Work Life Balance"
Hindustan Aeronautics                                                           ,    4.3, (1.9k) , Defence & Aerospace | Bengaluru +64 other locations                               , "Work Life Balance, Work Satisfaction, Skill Development"
Polycab Wires                                                                   ,    4.0, (1.9k) , Electrical Equipment | Vadodara +167 other locations                              , "Salary, Work Life Balance"
Jindal Saw                                                                      ,    4.0, (1.9k) , Iron & Steel | Mundra +78 other locations                                         , "Job Security, Work Life Balance, Work Satisfaction"
Tata Tele Business Services                                                     ,    3.5, (1.9k) , Telecom | Mumbai +136 other locations                                             , "Promotions, Work Satisfaction, Company Culture"
TVS Sundram Fasteners                                                           ,    3.6, (1.9k) , Auto Components | Chennai +64 other locations                                     , "Promotions, Salary, Company Culture"
Medi Assist India                                                               ,    3.5, (1.9k) , Insurance | Bengaluru +67 other locations                                         , "Promotions, Salary, Work Satisfaction"
Aragen Life Sciences                                                            ,    3.9, (1.9k) , Clinical Research | Hyderabad +29 other locations                                 , "Job Security, Company Culture, Work Life Balance"
AXA Global Business Services                                                    ,    3.7, (1.9k) , IT Services & Consulting | Pune +12 other locations                               , "Work Life Balance, Job Security"
KENT RO Systems                                                                 ,    3.7, (1.8k) , Consumer Electronics & Appliances | Noida +153 other locations                    , Work Life Balance
Infra.Market                                                                    ,    3.9, (1.8k) , Building Material | Mumbai +134 other locations                                   , "Salary, Company Culture, Work Life Balance"
First American (India)                                                          ,    3.5, (1.8k) , Insurance | Bengaluru +22 other locations                                         , "Promotions, Salary, Skill Development"
Fusion CX                                                                       ,    3.2, (1.8k) , BPO | Kolkata +58 other locations                                                 , "Promotions, Job Security, Salary"
Capri Global Capital                                                            ,    3.6, (1.8k) , NBFC | New Delhi +338 other locations                                             , "Job Security, Promotions, Company Culture"
AkzoNobel                                                                       ,    4.1, (1.8k) , Chemicals | Pune +160 other locations                                             , "Company Culture, Work Life Balance, Salary"
Honda Cars                                                                      ,    4.3, (1.8k) , Automobile | Bhiwadi +114 other locations                                         , "Work Life Balance, Company Culture, Job Security"
Digit Insurance                                                                 ,    3.6, (1.8k) , Insurance | Bengaluru +90 other locations                                         , "Promotions, Salary"
Haldiram Foods International Limited                                            ,    3.8, (1.8k) , FMCG | Nagpur +170 other locations                                                , "Promotions, Company Culture"
Orchids International School                                                    ,    3.9, (1.8k) , Education & Training | Bengaluru +35 other locations                              , "Skill Development, Work Satisfaction"
DIVI'S Laboratories                                                             ,    3.6, (1.8k) , Pharma | Visakhapatnam +38 other locations                                        , Salary
Sterling & Wilson                                                               ,    4.1, (1.8k) , Engineering & Construction | Mumbai +132 other locations                          , "Work Life Balance, Job Security, Company Culture"
Innovsource Services                                                            ,    3.9, (1.8k) , Recruitment | Mumbai +253 other locations                                         , Work Life Balance
Hindustan Petroleum                                                             ,    4.2, (1.8k) , Oil & Gas | Mumbai +259 other locations                                           , "Company Culture, Work Life Balance, Job Security"
MetLife                                                                         ,    4.0, (1.8k) , Insurance | Noida +44 other locations                                             , "Work Life Balance, Job Security, Company Culture"
Cafe Coffee Day                                                                 ,    3.7, (1.8k) , Hospitality | Bengaluru +104 other locations                                      , "Promotions, Salary, Company Culture"
Adani Green Energy                                                              ,    3.9, (1.8k) , Power | Ahmedabad +116 other locations                                            , "Salary, Skill Development"
Isgec Heavy Engineering                                                         ,    3.8, (1.8k) , Engineering & Construction | Noida +94 other locations                            , Job Security
SS&C TECHNOLOGIES                                                               ,    3.2, (1.8k) , IT Services & Consulting | Mumbai +30 other locations                             , "Promotions, Salary, Company Culture"
Stellar Migration                                                               ,    1.3, (1.8k) , Other | Dubai +7 other locations                                                  , "Company Culture, Work Life Balance, Work Satisfaction"
Rungta Mines                                                                    ,    4.0, (1.8k) , Metals & Mining | Chaibasa +58 other locations                                    , "Salary, Work Life Balance, Job Security"
Air India                                                                       ,    3.4, (1.8k) , Aviation | New Delhi +67 other locations                                          , "Promotions, Company Culture, Work Satisfaction"
Reckitt Benckiser                                                               ,    4.0, (1.8k) , FMCG | Gurugram +137 other locations                                              , "Work Life Balance, Salary"
USHA International                                                              ,    4.0, (1.8k) , Consumer Electronics & Appliances | Gurugram +149 other locations                 , "Work Life Balance, Company Culture, Job Security"
USV                                                                             ,    4.0, (1.8k) , Pharma | Mumbai +107 other locations                                              , "Company Culture, Work Life Balance, Job Security"
LivSpace                                                                        ,    3.3, (1.8k) , Architecture & Interior Design | Bengaluru +53 other locations                    , "Promotions, Work Satisfaction, Job Security"
Tata Communications Transformation Services                                     ,    3.8, (1.8k) , Telecom | Pune +95 other locations                                                , Work Life Balance
XBP Global                                                                      ,    3.2, (1.8k) , Internet | Chennai +23 other locations                                            , "Promotions, Skill Development, Salary"
Pine Labs                                                                       ,    3.2, (1.8k) , FinTech | Noida +122 other locations                                              , "Promotions, Job Security, Company Culture"
Kalyan Jewellers                                                                ,    4.4, (1.8k) , Jewellery | Thrissur +159 other locations                                         , "Salary, Job Security, Company Culture"
HDFC Securities                                                                 ,    3.4, (1.7k) , Financial Services | Mumbai +185 other locations                                  , "Promotions, Work Satisfaction, Company Culture"
BT Business                                                                     ,    3.9, (1.7k) , Telecom | Gurugram +13 other locations                                            , "Work Life Balance, Company Culture, Job Security"
Annapurna Finance                                                               ,    3.8, (1.8k) , NBFC | Bhubaneswar +405 other locations                                           , Salary
Security and Intelligence Services (India)                                      ,    4.0, (1.7k) , Law Enforcement & Security | New Delhi +194 other locations                       , "Work Life Balance, Job Security, Company Culture"
Vedantu                                                                         ,    3.2, (1.7k) , EdTech | Bengaluru +73 other locations                                            , "Job Security, Promotions, Work Satisfaction"
Granules India Limited                                                          ,    3.8, (1.7k) , Pharma | Hyderabad +23 other locations                                            , "Promotions, Work Satisfaction, Skill Development"
Bata                                                                            ,    3.5, (1.7k) , Fashion & Textile | Gurugram +150 other locations                                 , "Promotions, Company Culture, Work Life Balance"
BVG India                                                                       ,    4.2, (1.7k) , Facility Management Services | Pune +139 other locations                          , "Work Life Balance, Company Culture, Work Satisfaction"
Future Retail                                                                   ,    4.4, (1.7k) , Retail | Mumbai +197 other locations                                              , "Company Culture, Skill Development, Work Life Balance"
Orange Business                                                                 ,    4.1, (1.7k) , IT Services & Consulting | Gurugram +52 other locations                           , "Work Life Balance, Company Culture, Job Security"
Dhani Loans and Services                                                        ,    3.9, (1.7k) , NBFC | Gurugram +185 other locations                                              , Work Life Balance
Hitachi Astemo                                                                  ,    4.1, (1.7k) , Auto Components | Neemrana +53 other locations                                    , "Company Culture, Work Life Balance, Job Security"
Cushman & Wakefield                                                             ,    4.2, (1.7k) , Real Estate | Gurugram +44 other locations                                        , "Company Culture, Work Life Balance, Job Security"
Mother Dairy Fruit & Vegetable                                                  ,    4.0, (1.7k) , Hospitality | New Delhi +129 other locations                                      , "Job Security, Work Life Balance, Company Culture"
TTEC India                                                                      ,    3.7, (1.7k) , BPO | Ahmedabad +34 other locations                                               , Company Culture
Metro Cash & Carry                                                              ,    4.0, (1.7k) , Retail | Bengaluru +89 other locations                                            , "Work Life Balance, Company Culture, Job Security"
IIFL SAMASTA                                                                    ,    3.7, (1.7k) , NBFC | Bengaluru +411 other locations                                             , Promotions
Caterpillar Inc                                                                 ,    4.1, (1.7k) , Industrial Machinery | Chennai +43 other locations                                , "Company Culture, Work Life Balance, Work Satisfaction"
HighRadius                                                                      ,    2.5, (1.7k) , Software Product | Hyderabad +15 other locations                                  , "Job Security, Company Culture, Work Satisfaction"
FactSet                                                                         ,    3.7, (1.7k) , Analytics & KPO | Hyderabad +16 other locations                                   , "Work Life Balance, Company Culture, Job Security"
Medanta the Medicity                                                            ,    4.0, (1.7k) , Healthcare | Gurugram +50 other locations                                         , "Job Security, Skill Development, Company Culture"
NielsenIQ                                                                       ,    3.5, (1.7k) , Analytics & KPO | Chennai +55 other locations                                     , "Promotions, Skill Development, Salary"
Sysnet Global Technologies                                                      ,    3.6, (1.7k) , IT Services & Consulting | New Delhi +154 other locations                         , "Promotions, Salary, Job Security"
NEC                                                                             ,    4.0, (1.7k) , IT Services & Consulting | Noida +54 other locations                              , "Work Life Balance, Company Culture, Work Satisfaction"
Indian Navy                                                                     ,    4.6, (1.7k) , Defence & Aerospace | Mumbai +75 other locations                                  , "Job Security, Skill Development, Company Culture"
Health Care Global Enterprises                                                  ,    4.4, (1.7k) , Healthcare | Bengaluru +53 other locations                                        , "Company Culture, Work Life Balance, Job Security"
Cavinkare                                                                       ,    3.9, (1.7k) , FMCG | Chennai +172 other locations                                               , "Salary, Company Culture"
Frankfinn Institute of Air Hostess Training                                     ,    3.9, (1.7k) , Education & Training | Gurugram +61 other locations                               , "Company Culture, Work Life Balance, Work Satisfaction"
KONE                                                                            ,    4.1, (1.7k) , Industrial Machinery | Chennai +76 other locations                                , "Work Life Balance, Company Culture, Job Security"
Yamaha Motor                                                                    ,    4.1, (1.7k) , Automobile | Chennai +155 other locations                                         , "Work Life Balance, Company Culture, Work Satisfaction"
L.G.Balakrishnan & Bros                                                         ,    3.5, (1.7k) , Auto Components | Coimbatore +63 other locations                                  , "Promotions, Salary, Company Culture"
Rane (Madras)                                                                   ,    3.9, (1.7k) , Auto Components | Chennai +58 other locations                                     , "Skill Development, Job Security"
Clover Infotech                                                                 ,    3.4, (1.7k) , IT Services & Consulting | Mumbai +23 other locations                             , "Promotions, Company Culture, Work Satisfaction"
Patanjali Foods                                                                 ,    3.7, (1.7k) , FMCG | Haridwar +240 other locations                                              , "Promotions, Skill Development, Company Culture"
MagicBricks                                                                     ,    3.9, (1.7k) , Internet | Noida +35 other locations                                              , "Salary, Company Culture, Work Life Balance"
Compass Group Support Services                                                  ,    4.0, (1.7k) , Hospitality | Bengaluru +78 other locations                                       , "Work Life Balance, Company Culture, Job Security"
Tata 1mg                                                                        ,    3.6, (1.7k) , Internet | Gurugram +64 other locations                                           , "Promotions, Work Satisfaction, Salary"
BA Continuum                                                                    ,    3.9, (1.7k) , IT Services & Consulting | Hyderabad +17 other locations                          , "Job Security, Work Life Balance, Company Culture"
DHL Express                                                                     ,    4.1, (1.7k) , Logistics | Mumbai +90 other locations                                            , "Job Security, Company Culture, Work Life Balance"
JSW Bhushan Power & Steel                                                       ,    4.0, (1.6k) , Iron & Steel | Jharsuguda +64 other locations                                     , "Skill Development, Company Culture, Work Life Balance"
ReNew                                                                           ,    4.2, (1.6k) , Power | Gurugram +105 other locations                                             , "Job Security, Company Culture, Work Life Balance"
CG Power and Industrial Solutions                                               ,    3.8, (1.6k) , Electrical Equipment | Bhopal +91 other locations                                 , "Promotions, Work Satisfaction"
Vardhman Fabrics                                                                ,    4.0, (1.6k) , Fashion & Textile | Baddi +65 other locations                                     , "Job Security, Company Culture, Work Life Balance"
Procter & Gamble                                                                ,    4.0, (1.6k) , FMCG | Mumbai +255 other locations                                                , "Skill Development, Company Culture, Work Life Balance"
Suryoday Small Finance Bank                                                     ,    3.9, (1.6k) , Banking | Mumbai +233 other locations                                             , "Company Culture, Work Life Balance, Job Security"
Shriram Life Insurance                                                          ,    3.5, (1.6k) , Insurance | Hyderabad +335 other locations                                        , "Promotions, Job Security, Skill Development"
Johnson & Johnson                                                               ,    3.9, (1.6k) , Healthcare | Mumbai +169 other locations                                          , "Company Culture, Work Life Balance, Salary"
Belrise Industries                                                              ,    3.7, (1.6k) , Auto Components | Pune +56 other locations                                        , "Promotions, Company Culture"
Matrimony.com                                                                   ,    3.9, (1.6k) , Internet | Chennai +63 other locations                                            , "Company Culture, Job Security, Work Life Balance"
Arvind Group                                                                    ,    4.0, (1.6k) , Fashion & Textile | Ahmedabad +91 other locations                                 , "Work Life Balance, Job Security, Company Culture"
Toyota Kirloskar Motor                                                          ,    4.3, (1.6k) , Automobile | Bengaluru +92 other locations                                        , "Company Culture, Job Security, Skill Development"
Coronis Ajuba Solutions                                                         ,    3.9, (1.6k) , BPO | Chennai +31 other locations                                                 , "Company Culture, Work Life Balance, Job Security"
Wipro Enterprises Ltd                                                           ,    3.8, (1.6k) , FMCG | Bengaluru +121 other locations                                             , Job Security
CMA CGM                                                                         ,    4.0, (1.6k) , Ports & Shipping | Chennai +37 other locations                                    , "Job Security, Company Culture, Work Life Balance"
Chegg                                                                           ,    4.1, (1.6k) , EdTech | New Delhi +78 other locations                                            , "Work Life Balance, Company Culture, Work Satisfaction"
Goldman Sachs                                                                   ,    3.4, (1.6k) , Financial Services | Bengaluru +22 other locations                                , "Work Life Balance, Job Security, Promotions"
Krishna Maruti                                                                  ,    3.8, (1.6k) , Auto Components | Gurugram +53 other locations                                    , Job Security
HERE Technologies                                                               ,    3.7, (1.6k) , IT Services & Consulting | Mumbai +19 other locations                             , "Work Life Balance, Company Culture, Job Security"
Veritas Finance                                                                 ,    4.3, (1.6k) , NBFC | Chennai +300 other locations                                               , "Company Culture, Work Life Balance, Salary"
Hero Motors Company                                                             ,    3.9, (1.6k) , Automobile | Ghaziabad +228 other locations                                       , "Work Life Balance, Company Culture"
Dixon Technologies                                                              ,    3.9, (1.6k) , Electronics Manufacturing | Noida +47 other locations                             , Skill Development
Tata Play                                                                       ,    4.0, (1.6k) , Broadcasting | Mumbai +223 other locations                                        , "Company Culture, Work Life Balance, Job Security"
Godrej Industries Group                                                         ,    3.9, (1.6k) , Real Estate | Mumbai +152 other locations                                         , "Job Security, Company Culture, Work Life Balance"
Marico                                                                          ,    3.8, (1.6k) , FMCG | Mumbai +187 other locations                                                , Promotions
Satin Creditcare Network                                                        ,    3.9, (1.6k) , NBFC | Gurugram +333 other locations                                              , "Salary, Company Culture, Work Life Balance"
Welspun Living Limited                                                          ,    3.9, (1.6k) , Fashion & Textile | Anjar +86 other locations                                     , Skill Development
Teva Pharmaceuticals                                                            ,    3.9, (1.6k) , Pharma | Bengaluru +53 other locations                                            , Work Life Balance
Sanofi                                                                          ,    4.0, (1.6k) , Pharma | Hyderabad +92 other locations                                            , "Work Life Balance, Company Culture, Work Satisfaction"
iOPEX Technologies                                                              ,    3.1, (1.6k) , IT Services & Consulting | Chennai +15 other locations                            , "Promotions, Salary, Company Culture"
Emami                                                                           ,    3.8, (1.6k) , FMCG | Kolkata +169 other locations                                               , "Work Life Balance, Job Security"
Urban Company                                                                   ,    3.3, (1.6k) , Internet | Gurugram +60 other locations                                           , "Job Security, Promotions, Work Life Balance"
Labmentix                                                                       ,    4.5, (1.6k) , Bengaluru +32 other locations                                                     , "Work Life Balance, Skill Development, Company Culture"
ZF Commercial Vehicle Control Systems                                           ,    3.8, (1.6k) , Auto Components | Chennai +49 other locations                                     , "Promotions, Job Security"
Wockhardt                                                                       ,    3.7, (1.6k) , Pharma | Chhatrapati Sambhajinagar +84 other locations                            , Work Life Balance
IndiaFirst Life Insurance                                                       ,    3.8, (1.6k) , Insurance | Mumbai +250 other locations                                           , Salary
Supreme Industries                                                              ,    4.0, (1.6k) , Petrochemicals | Gwalior +125 other locations                                     , "Job Security, Work Life Balance, Company Culture"
Asahi India Glass                                                               ,    3.8, (1.6k) , Auto Components | Chennai +90 other locations                                     , Job Security
Mercer                                                                          ,    3.6, (1.6k) , Management Consulting | New Delhi +17 other locations                             , Job Security
PharmEasy                                                                       ,    3.7, (1.6k) , Internet | Bengaluru +69 other locations                                          , "Job Security, Promotions, Work Satisfaction"
Broadridge Financial Solutions                                                  ,    3.8, (1.6k) , FinTech | Hyderabad +15 other locations                                           , "Job Security, Work Life Balance"
Relaxo Footwear                                                                 ,    4.0, (1.6k) , Fashion & Textile | New Delhi +160 other locations                                , "Job Security, Work Life Balance, Salary"
Cemindia Projects                                                               ,    4.2, (1.6k) , Engineering & Construction | Kolkata +88 other locations                          , "Job Security, Salary, Company Culture"
KFC                                                                             ,    4.0, (1.6k) , Hospitality | New Delhi +173 other locations                                      , "Skill Development, Company Culture, Job Security"
Kotak Mahindra Prime                                                            ,    3.9, (1.6k) , NBFC | Mumbai +177 other locations                                                , "Company Culture, Work Life Balance, Job Security"
IFB                                                                             ,    3.6, (1.6k) , Consumer Electronics & Appliances | Bengaluru +178 other locations                , "Promotions, Company Culture, Work Satisfaction"
Marriott International                                                          ,    4.1, (1.6k) , Hospitality | Bengaluru +91 other locations                                       , "Job Security, Skill Development, Company Culture"
Honda                                                                           ,    4.0, (1.5k) , Automobile | Gurugram +229 other locations                                        , "Work Life Balance, Job Security, Company Culture"
Gujarat Fluorochemicals                                                         ,    3.9, (1.5k) , Chemicals | Bharuch +31 other locations                                           , "Job Security, Work Life Balance"
mPokket                                                                         ,    4.5, (1.5k) , NBFC | Kolkata +22 other locations                                                , "Job Security, Company Culture, Work Life Balance"
Amul India                                                                      ,    4.0, (1.5k) , Hospitality | Ahmedabad +207 other locations                                      , "Job Security, Work Life Balance, Company Culture"
Lumax Industries                                                                ,    3.9, (1.5k) , Auto Components | Gurugram +43 other locations                                    , "Job Security, Skill Development"
Nayara Energy                                                                   ,    4.2, (1.5k) , Oil & Gas | Jamnagar +98 other locations                                          , "Work Life Balance, Salary, Job Security"
Bajaj Capital                                                                   ,    3.6, (1.5k) , Financial Services | New Delhi +171 other locations                               , "Promotions, Job Security, Work Satisfaction"
Muthoot Microfin                                                                ,    4.2, (1.5k) , NBFC | Kochi +415 other locations                                                 , "Work Life Balance, Job Security, Skill Development"
Suguna Foods                                                                    ,    3.9, (1.5k) , Food Processing | Coimbatore +206 other locations                                 , Company Culture
Hinduja Leyland Finance                                                         ,    3.9, (1.5k) , NBFC | Chennai +300 other locations                                               , "Work Life Balance, Company Culture"
Patra India                                                                     ,    3.5, (1.5k) , BPO | Visakhapatnam +27 other locations                                           , Job Security
SHYAM METALICS AND ENERGY                                                       ,    3.4, (1.5k) , Metals & Mining | Kolkata +77 other locations                                     , "Promotions, Company Culture, Job Security"
Tata Consumer Products                                                          ,    3.5, (1.5k) , FMCG | Bengaluru +229 other locations                                             , "Promotions, Company Culture, Work Satisfaction"
Bisleri                                                                         ,    4.2, (1.5k) , Beverage | Mumbai +182 other locations                                            , "Work Life Balance, Job Security, Salary"
American Broadcasting Company                                                   ,    4.0, (1.5k) , Engineering & Construction | Bengaluru +98 other locations                        , "Company Culture, Work Life Balance, Work Satisfaction"
Dainik Bhaskar Group                                                            ,    4.1, (1.5k) , Printing & Publishing | Bhopal +136 other locations                               , "Company Culture, Skill Development, Work Life Balance"
XL Dynamics                                                                     ,    3.7, (1.5k) , IT Services & Consulting | Mumbai +31 other locations                             , Salary
Karur Vysya Bank                                                                ,    3.5, (1.5k) , Banking | Chennai +193 other locations                                            , "Promotions, Work Satisfaction, Company Culture"
Tesco                                                                           ,    3.5, (1.5k) , Retail | Bengaluru +17 other locations                                            , Job Security
Steel Strips Wheels                                                             ,    3.7, (1.5k) , Auto Components | Chennai +50 other locations                                     , "Company Culture, Promotions, Salary"
Evalueserve                                                                     ,    3.0, (1.5k) , Analytics & KPO | Gurugram +15 other locations                                    , "Promotions, Work Satisfaction, Skill Development"
Oracle Cerner                                                                   ,    3.3, (1.5k) , Software Product | Bengaluru +7 other locations                                   , Work Life Balance
GE VERNOVA                                                                      ,    4.1, (1.5k) , Power | Bengaluru +85 other locations                                             , "Company Culture, Work Life Balance, Work Satisfaction"
SAI Life Sciences                                                               ,    3.9, (1.5k) , Clinical Research | Hyderabad +26 other locations                                 , Salary
Piramal Pharma                                                                  ,    3.9, (1.5k) , Pharma | Mumbai +83 other locations                                               , "Company Culture, Work Life Balance, Job Security"
Canara Bank                                                                     ,    3.6, (1.5k) , Banking | Bengaluru +227 other locations                                          , Job Security
Page Industries                                                                 ,    4.1, (1.5k) , Fashion & Textile | Bengaluru +166 other locations                                , "Job Security, Company Culture, Work Life Balance"
GMR Group                                                                       ,    3.9, (1.5k) , Engineering & Construction | New Delhi +75 other locations                        , "Job Security, Work Life Balance, Company Culture"
Sonata Software                                                                 ,    3.4, (1.5k) , IT Services & Consulting | Bengaluru +17 other locations                          , "Promotions, Job Security, Salary"
HCL Infosystems                                                                 ,    4.0, (1.5k) , IT Services & Consulting | Noida +104 other locations                             , "Work Life Balance, Job Security, Company Culture"
Ashoka Buildcon                                                                 ,    4.1, (1.5k) , Engineering & Construction | Nashik +155 other locations                          , "Company Culture, Work Life Balance, Work Satisfaction"
Tanishq                                                                         ,    4.1, (1.5k) , Jewellery | Kolkata +239 other locations                                          , "Skill Development, Company Culture, Work Life Balance"
QualityKiosk Technologies                                                       ,    3.2, (1.5k) , IT Services & Consulting | Mumbai +21 other locations                             , "Promotions, Salary, Work Satisfaction"
Wheelseye Technology                                                            ,    3.4, (1.5k) , Internet | Gurugram +223 other locations                                          , "Job Security, Promotions, Company Culture"
Max Fashion                                                                     ,    4.0, (1.5k) , Retail | Bengaluru +153 other locations                                           , "Job Security, Skill Development, Company Culture"
Gland Pharma                                                                    ,    4.0, (1.5k) , Pharma | Hyderabad +35 other locations                                            , "Work Life Balance, Job Security"
Devyani International                                                           ,    3.8, (1.5k) , Hospitality | New Delhi +137 other locations                                      , Skill Development
V5 Global Services                                                              ,    3.9, (1.5k) , Recruitment | New Delhi +219 other locations                                      , Work Life Balance
Acuity Analytics                                                                ,    3.1, (1.5k) , Analytics & KPO | Bengaluru +16 other locations                                   , "Promotions, Skill Development, Salary"
Honeywell Technology Solutions                                                  ,    3.6, (1.5k) , Industrial Automation | Bengaluru +18 other locations                             , "Promotions, Work Satisfaction, Skill Development"
Daimler India Commercial Vehicles                                               ,    3.9, (1.5k) , Automobile | Chennai +49 other locations                                          , "Work Life Balance, Job Security, Company Culture"
Airtel Payments Bank                                                            ,    3.8, (1.5k) , Banking | Gurugram +336 other locations                                           , Promotions
Heritage Foods                                                                  ,    4.1, (1.5k) , Food Processing | Hyderabad +124 other locations                                  , "Company Culture, Work Life Balance, Job Security"
Indoco Remedies                                                                 ,    3.5, (1.5k) , Pharma | Mumbai +84 other locations                                               , "Promotions, Job Security, Company Culture"
Valeo                                                                           ,    3.9, (1.5k) , Auto Components | Chennai +23 other locations                                     , "Work Life Balance, Job Security, Company Culture"
PNB Housing Finance                                                             ,    3.8, (1.5k) , NBFC | New Delhi +171 other locations                                             , Promotions
Aon                                                                             ,    3.8, (1.5k) , Management Consulting | Bengaluru +25 other locations                             , "Job Security, Company Culture, Work Life Balance"
ISS Facility Services                                                           ,    4.0, (1.5k) , Facility Management Services | Mumbai +65 other locations                         , "Work Life Balance, Job Security, Company Culture"
Chandigarh University                                                           ,    4.3, (1.5k) , Education & Training | Chandigarh +47 other locations                             , "Company Culture, Work Life Balance, Work Satisfaction"
Amneal Pharmaceuticals                                                          ,    4.2, (1.5k) , Pharma | Ahmedabad +45 other locations                                            , "Work Life Balance, Job Security, Company Culture"
Apco Infratech                                                                  ,    3.7, (1.5k) , Engineering & Construction | Mumbai +95 other locations                           , "Job Security, Company Culture, Promotions"
Apexon                                                                          ,    3.3, (1.5k) , IT Services & Consulting | Bengaluru +23 other locations                          , "Promotions, Job Security, Work Satisfaction"
Oberoi Group of Hotels                                                          ,    4.0, (1.5k) , Hospitality | New Delhi +40 other locations                                       , "Job Security, Skill Development, Company Culture"
Taurus BPO Services                                                             ,    4.1, (1.5k) , BPO | Pune +23 other locations                                                    , "Company Culture, Work Life Balance, Skill Development"
SBFC Finance                                                                    ,    3.8, (1.5k) , NBFC | Mumbai +218 other locations                                                , Salary
NIIT                                                                            ,    3.5, (1.5k) , Education & Training | Gurugram +102 other locations                              , "Promotions, Salary, Work Satisfaction"
Happiest Minds Technologies                                                     ,    3.4, (1.4k) , IT Services & Consulting | Bengaluru +17 other locations                          , "Promotions, Salary, Work Satisfaction"
ALTEN                                                                           ,    3.6, (1.4k) , IT Services & Consulting | Bengaluru +28 other locations                          , "Promotions, Skill Development, Work Satisfaction"
Bharat Forge                                                                    ,    3.8, (1.4k) , Auto Components | Pune +28 other locations                                        , "Promotions, Salary, Company Culture"
Narayana Educational Society                                                    ,    3.6, (1.4k) , Education & Training | Hyderabad +147 other locations                             , "Promotions, Company Culture, Work Life Balance"
Altimetrik                                                                      ,    3.5, (1.4k) , IT Services & Consulting | Bengaluru +15 other locations                          , "Job Security, Promotions, Work Satisfaction"
Hyatt Regency                                                                   ,    4.0, (1.4k) , Hospitality | New Delhi +51 other locations                                       , "Job Security, Skill Development, Company Culture"
Aumovio                                                                         ,    3.8, (1.4k) , Auto Components | Bengaluru +21 other locations                                   , "Work Life Balance, Company Culture"
Jaquar                                                                          ,    4.1, (1.4k) , Building Material | Gurugram +118 other locations                                 , "Job Security, Work Life Balance, Company Culture"
Chetu                                                                           ,    3.7, (1.4k) , Software Product | Noida +14 other locations                                      , Skill Development
Acmegrade                                                                       ,    3.9, (1.4k) , EdTech | Bengaluru +22 other locations                                            , "Company Culture, Work Satisfaction, Skill Development"
AB InBev India                                                                  ,    3.3, (1.4k) , Beverage | Bengaluru +76 other locations                                          , "Promotions, Work Satisfaction, Job Security"
Morningstar                                                                     ,    3.7, (1.4k) , Financial Services | Mumbai +18 other locations                                   , "Work Life Balance, Company Culture, Job Security"
Sony                                                                            ,    4.2, (1.4k) , Consumer Electronics & Appliances | New Delhi +143 other locations                , "Company Culture, Work Life Balance, Work Satisfaction"
Indegene                                                                        ,    3.2, (1.4k) , Analytics & KPO | Bengaluru +33 other locations                                   , "Promotions, Work Satisfaction, Skill Development"
CIE Automotive India Limited (Formerly known as Mahindra CIE Automotive Limited),    3.6, (1.4k) , Auto Components | Pune +48 other locations                                        , "Promotions, Company Culture, Work Satisfaction"
Tieto                                                                           ,    4.1, (1.4k) , IT Services & Consulting | Pune +13 other locations                               , "Work Life Balance, Company Culture, Work Satisfaction"
Agilus Diagnostics                                                              ,    4.1, (1.4k) , Healthcare | Mumbai +136 other locations                                          , "Work Life Balance, Company Culture, Work Satisfaction"
Slk Software Services                                                           ,    3.2, (1.4k) , IT Services & Consulting | Bengaluru +15 other locations                          , "Promotions, Salary, Work Satisfaction"
Fusion Finance                                                                  ,    3.9, (1.4k) , NBFC | New Delhi +347 other locations                                             , "Company Culture, Work Life Balance, Salary"
Amara Raja Energy & Mobility                                                    ,    4.0, (1.4k) , Auto Components | Tirupati +94 other locations                                    , "Job Security, Company Culture, Work Life Balance"
Adobe                                                                           ,    3.7, (1.4k) , Software Product | Bengaluru +22 other locations                                  , Company Culture
Tata Group                                                                      ,    4.2, (1.4k) , IT Services & Consulting | Mumbai +167 other locations                            , "Company Culture, Job Security, Work Life Balance"
Nykaa                                                                           ,    3.4, (1.4k) , Internet | Mumbai +115 other locations                                            , "Promotions, Company Culture, Work Satisfaction"
Xiaomi                                                                          ,    3.7, (1.4k) , Consumer Electronics & Appliances | Bengaluru +213 other locations                , "Promotions, Job Security"
MedPlus                                                                         ,    3.5, (1.4k) , Retail | Hyderabad +146 other locations                                           , "Promotions, Company Culture, Work Satisfaction"
Hire In Global                                                                  ,    4.9, (1.4k) , Recruitment | Mumbai +63 other locations                                          , "Company Culture, Work Life Balance, Work Satisfaction"
VOIS                                                                            ,    3.8, (1.4k) , IT Services & Consulting | Pune +21 other locations                               , "Work Life Balance, Job Security"
Vfs Global Services                                                             ,    3.4, (1.4k) , IT Services & Consulting | Mumbai +32 other locations                             , "Promotions, Salary, Company Culture"
VLCC                                                                            ,    3.3, (1.4k) , Beauty & Personal Care | New Delhi +110 other locations                           , "Promotions, Company Culture, Work Life Balance"
Tenarai                                                                         ,    3.5, (1.4k) , Emerging Technologies | Bengaluru +23 other locations                             , "Promotions, Job Security, Salary"
Eaton                                                                           ,    4.0, (1.4k) , Electronics Manufacturing | Pune +22 other locations                              , "Company Culture, Work Life Balance, Job Security"
Sansera Engineering                                                             ,    4.0, (1.4k) , Auto Components | Bengaluru +28 other locations                                   , "Skill Development, Company Culture, Work Life Balance"
J. Kumar Infraprojects                                                          ,    4.1, (1.4k) , Engineering & Construction | Mumbai +41 other locations                           , "Job Security, Work Life Balance, Company Culture"
City Union Bank                                                                 ,    2.9, (1.4k) , Banking | Chennai +196 other locations                                            , "Promotions, Company Culture, Work Life Balance"
DCM Shriram                                                                     ,    4.1, (1.4k) , Chemicals | Bharuch +109 other locations                                          , "Job Security, Work Life Balance, Salary"
Oracle Financial Services Software                                              ,    3.3, (1.4k) , Software Product | Bengaluru +22 other locations                                  , Job Security
AtkinsRealis                                                                    ,    3.7, (1.4k) , Engineering & Construction | Bengaluru +55 other locations                        , Work Life Balance
IDC Technologies                                                                ,    3.1, (1.4k) , IT Services & Consulting | Noida +66 other locations                              , "Job Security, Promotions, Skill Development"
The Muthoot Group                                                               ,    3.6, (1.4k) , Financial Services | New Delhi +310 other locations                               , "Promotions, Company Culture, Work Life Balance"
Unisys                                                                          ,    3.4, (1.4k) , IT Services & Consulting | Bengaluru +18 other locations                          , "Promotions, Skill Development, Work Satisfaction"
TEKsystems                                                                      ,    3.1, (1.4k) , IT Services & Consulting | Bengaluru +18 other locations                          , "Promotions, Job Security, Skill Development"
TÜV SÜD                                                                         ,    4.0, (1.4k) , "Testing, Inspection and Certification (TIC) | Bengaluru +133 other locations"    , "Company Culture, Work Life Balance, Work Satisfaction"
EOSGlobe                                                                        ,    2.9, (1.4k) , BPO | Mumbai +29 other locations                                                  , "Promotions, Salary, Work Satisfaction"
Kantar                                                                          ,    3.5, (1.4k) , Analytics & KPO | Bengaluru +44 other locations                                   , "Promotions, Salary, Work Satisfaction"
FedEx Express                                                                   ,    4.0, (1.4k) , Logistics | Mumbai +94 other locations                                            , "Company Culture, Work Life Balance, Job Security"
Citco                                                                           ,    3.1, (1.4k) , Management Consulting | Pune +13 other locations                                  , "Promotions, Company Culture, Work Life Balance"
Worley                                                                          ,    4.1, (1.4k) , Engineering & Construction | Mumbai +56 other locations                           , "Work Life Balance, Company Culture, Work Satisfaction"
Sunknowledge Services                                                           ,    3.4, (1.4k) , BPO | Kolkata +13 other locations                                                 , Job Security
Aerial Telecom Solutions                                                        ,    4.2, (1.4k) , Telecom | Sahibzada Ajit Singh Nagar +114 other locations                         , "Company Culture, Work Life Balance, Work Satisfaction"
TCS iON                                                                         ,    3.8, (1.4k) , IT Services & Consulting | Hyderabad +113 other locations                         , Job Security
Rashmi Metaliks                                                                 ,    3.1, (1.4k) , Iron & Steel | Kharagpur +43 other locations                                      , "Company Culture, Job Security, Promotions"
Novo Nordisk                                                                    ,    3.7, (1.4k) , Pharma | Bengaluru +74 other locations                                            , Work Life Balance
iMerit                                                                          ,    3.2, (1.4k) , IT Services & Consulting | Kolkata +22 other locations                            , "Promotions, Salary, Skill Development"
Fino Payments Bank                                                              ,    3.8, (1.4k) , Banking | Mumbai +275 other locations                                             , "Promotions, Salary"
Sharekhan                                                                       ,    3.7, (1.4k) , Financial Services | Mumbai +114 other locations                                  , "Promotions, Salary, Work Satisfaction"
Amity University                                                                ,    3.6, (1.4k) , Education & Training | Noida +85 other locations                                  , Job Security
Paytm Payments Bank                                                             ,    3.8, (1.4k) , Banking | Noida +136 other locations                                              , Work Life Balance
JSW Cement                                                                      ,    4.1, (1.4k) , Building Material | Mumbai +147 other locations                                   , "Job Security, Company Culture, Work Life Balance"
Incedo                                                                          ,    2.9, (1.4k) , IT Services & Consulting | Gurugram +13 other locations                           , "Promotions, Work Satisfaction, Job Security"
Bajaj Housing Finance                                                           ,    3.5, (1.4k) , NBFC | Pune +166 other locations                                                  , "Work Life Balance, Company Culture, Work Satisfaction"
Faurecia                                                                        ,    3.9, (1.4k) , Auto Components | Pune +28 other locations                                        , "Company Culture, Work Life Balance, Skill Development"
INDIUM                                                                          ,    3.9, (1.4k) , IT Services & Consulting | Chennai +13 other locations                            , "Work Life Balance, Company Culture, Skill Development"
Aforeserve                                                                      ,    3.4, (1.4k) , IT Services & Consulting | Mumbai +159 other locations                            , "Promotions, Salary, Job Security"
Bharat FIH                                                                      ,    3.7, (1.4k) , Electronics Manufacturing | Chennai +39 other locations                           , "Promotions, Job Security, Salary"
R Systems International                                                         ,    3.7, (1.4k) , IT Services & Consulting | Noida +23 other locations                              , "Promotions, Job Security"
Sheenlac Paints                                                                 ,    4.1, (1.3k) , Chemicals | Chennai +163 other locations                                          , "Salary, Company Culture, Work Life Balance"
Iffco Tokio General Insurance Co.                                               ,    3.8, (1.3k) , Insurance | Gurugram +282 other locations                                         , Promotions
Burger King                                                                     ,    3.9, (1.3k) , Hospitality | New Delhi +112 other locations                                      , "Skill Development, Salary, Job Security"
The Ramco Cements                                                               ,    4.1, (1.3k) , Building Material | Chennai +125 other locations                                  , "Job Security, Company Culture, Work Life Balance"
Unichem Laboratories                                                            ,    3.6, (1.3k) , Pharma | Ghaziabad +77 other locations                                            , "Promotions, Company Culture, Salary"
DEXIT Global                                                                    ,    3.5, (1.3k) , IT Services & Consulting | Mumbai +151 other locations                            , "Promotions, Salary, Work Satisfaction"
Aptara                                                                          ,    3.1, (1.3k) , Content Development | Noida +15 other locations                                   , "Promotions, Skill Development, Salary"
TE Connectivity                                                                 ,    4.1, (1.3k) , Electronics Manufacturing | Bengaluru +23 other locations                         , "Company Culture, Work Life Balance, Job Security"
GE                                                                              ,    4.1, (1.3k) , Defence & Aerospace | Bengaluru +76 other locations                               , "Company Culture, Work Life Balance, Work Satisfaction"
Collabera Talent Solutions                                                      ,    3.5, (1.3k) , Recruitment | Bengaluru +43 other locations                                       , "Promotions, Job Security, Salary"
Brillio                                                                         ,    3.4, (1.3k) , IT Services & Consulting | Bengaluru +14 other locations                          , "Promotions, Job Security, Work Satisfaction"
Grant Thornton                                                                  ,    3.4, (1.3k) , Accounting & Auditing | Bengaluru +59 other locations                             , "Promotions, Work Satisfaction, Salary"
FDC                                                                             ,    3.7, (1.3k) , Pharma | Mumbai +129 other locations                                              , "Promotions, Salary, Work Satisfaction"
Hindware Limited                                                                ,    3.9, (1.3k) , Building Material | Hyderabad +133 other locations                                , Work Life Balance
GEP Worldwide                                                                   ,    3.6, (1.3k) , IT Services & Consulting | Mumbai +17 other locations                             , Company Culture
CreditAccess Grameen                                                            ,    4.0, (1.3k) , NBFC | Bengaluru +351 other locations                                             , "Company Culture, Job Security, Work Life Balance"
JioMart                                                                         ,    3.9, (1.3k) , Retail | Mumbai +296 other locations                                              , "Work Life Balance, Skill Development, Salary"
ZF Steering Gear                                                                ,    3.7, (1.3k) , Auto Components | Hyderabad +35 other locations                                   , "Promotions, Work Satisfaction, Salary"
Hatsun Agro Product                                                             ,    3.8, (1.3k) , Food Processing | Chennai +127 other locations                                    , Skill Development
Big Bazaar                                                                      ,    4.4, (1.3k) , Retail | New Delhi +158 other locations                                           , "Skill Development, Company Culture, Work Satisfaction"
CenturyPly                                                                      ,    3.8, (1.3k) , Furniture & Furnishing | Kolkata +147 other locations                             , Salary
ManpowerGroup                                                                   ,    3.6, (1.3k) , Recruitment | Bengaluru +151 other locations                                      , "Promotions, Job Security, Skill Development"
Cinépolis                                                                       ,    3.8, (1.3k) , Media & Entertainment | New Delhi +61 other locations                             , "Company Culture, Job Security"
VIBGYOR Group of Schools                                                        ,    3.5, (1.3k) , Education & Training | Bengaluru +37 other locations                              , "Job Security, Promotions, Company Culture"
RBL FinServe                                                                    ,    3.9, (1.3k) , Financial Services | Mumbai +366 other locations                                  , "Salary, Skill Development"
Decathlon                                                                       ,    3.7, (1.3k) , Retail | Bengaluru +71 other locations                                            , "Job Security, Skill Development, Company Culture"
Baroda Global Shared Services                                                   ,    3.9, (1.3k) , BPO | Gandhinagar +181 other locations                                            , Work Life Balance
Shubham Housing Development Finance                                             ,    3.9, (1.3k) , NBFC | New Delhi +160 other locations                                             , "Company Culture, Work Life Balance, Skill Development"
Punjab National Bank                                                            ,    3.9, (1.3k) , Banking | New Delhi +218 other locations                                          , Job Security
Viraj Profiles                                                                  ,    4.0, (1.3k) , Iron & Steel | Mumbai +28 other locations                                         , "Skill Development, Work Life Balance, Work Satisfaction"
Spicejet                                                                        ,    3.2, (1.3k) , Aviation | New Delhi +60 other locations                                          , "Promotions, Salary, Job Security"
Nippon Paint India                                                              ,    4.0, (1.3k) , Chemicals | Chennai +163 other locations                                          , "Work Life Balance, Skill Development, Salary"
OM Logistics                                                                    ,    3.9, (1.3k) , Logistics | New Delhi +124 other locations                                        , "Job Security, Work Life Balance"
More Supermarket                                                                ,    3.6, (1.3k) , Retail | Bengaluru +164 other locations                                           , "Job Security, Promotions, Company Culture"
NetAmbit                                                                        ,    4.0, (1.3k) , BPO | Noida +155 other locations                                                  , "Salary, Work Life Balance, Skill Development"
Atul                                                                            ,    3.9, (1.3k) , Chemicals | Valsad +64 other locations                                            , "Job Security, Work Life Balance, Company Culture"
Troikaa Pharmaceuticals                                                         ,    4.0, (1.3k) , Pharma | Ahmedabad +106 other locations                                           , "Salary, Work Life Balance, Skill Development"
Astral Pipe                                                                     ,    3.9, (1.3k) , Building Material | Ahmedabad +144 other locations                                , "Work Life Balance, Job Security"
Mondelez International                                                          ,    4.1, (1.3k) , Food Processing | Mumbai +202 other locations                                     , "Salary, Company Culture, Work Life Balance"
Fabindia                                                                        ,    3.7, (1.3k) , Retail | New Delhi +82 other locations                                            , "Work Life Balance, Job Security, Skill Development"
Bluestock ™                                                                     ,    4.5, (1.3k) , FinTech | Pune +44 other locations                                                , "Work Life Balance, Skill Development, Company Culture"
Ion Exchange India                                                              ,    3.7, (1.3k) , Waste Management | Mumbai +128 other locations                                    , Job Security
Hindustan Construction Company                                                  ,    4.3, (1.3k) , Engineering & Construction | Mumbai +93 other locations                           , "Company Culture, Job Security, Skill Development"
Luminous Power Technologies                                                     ,    4.2, (1.3k) , Consumer Electronics & Appliances | Gurugram +134 other locations                 , "Work Life Balance, Job Security, Company Culture"
SK Finance Limited                                                              ,    3.8, (1.3k) , NBFC | Jaipur +274 other locations                                                , Promotions
ICICI Prudential Mutual Fund                                                    ,    3.9, (1.3k) , Financial Services | Mumbai +170 other locations                                  , "Work Life Balance, Skill Development, Job Security"
Pantaloons                                                                      ,    4.1, (1.3k) , Retail | Mumbai +156 other locations                                              , "Job Security, Skill Development, Company Culture"
Globant                                                                         ,    3.4, (1.3k) , IT Services & Consulting | Pune +17 other locations                               , Work Life Balance
OpenText Technologies                                                           ,    3.3, (1.3k) , Software Product | Bengaluru +14 other locations                                  , "Promotions, Job Security, Work Satisfaction"
NxtWave                                                                         ,    3.6, (1.3k) , EdTech | Hyderabad +54 other locations                                            , "Promotions, Job Security, Work Life Balance"
Royal Migration Solutions                                                       ,    4.9, (1.3k) , Other | Dubai +12 other locations                                                 , "Company Culture, Work Life Balance, Work Satisfaction"
Centre for Development of Advanced Computing                                    ,    3.7, (1.3k) , IT Services & Consulting | Pune +41 other locations                               , "Work Life Balance, Job Security"
Samsung Research                                                                ,    3.0, (1.3k) , IT Services & Consulting | Bengaluru +21 other locations                          , "Promotions, Work Satisfaction, Skill Development"
Jakson Group                                                                    ,    4.1, (1.3k) , Power | Noida +103 other locations                                                , "Work Life Balance, Salary, Company Culture"
Aarvee Associates                                                               ,    3.6, (1.3k) , Engineering & Construction | Hyderabad +178 other locations                       , "Promotions, Company Culture, Skill Development"
T-Systems ICT India                                                             ,    3.7, (1.3k) , IT Services & Consulting | Pune +16 other locations                               , Work Life Balance
ANZ Banking Group                                                               ,    3.7, (1.3k) , Banking | Bengaluru +17 other locations                                           , "Work Life Balance, Company Culture"
Vestas                                                                          ,    4.1, (1.3k) , Power | Chennai +51 other locations                                               , "Company Culture, Work Life Balance, Work Satisfaction"
Apex Group                                                                      ,    2.7, (1.3k) , Financial Services | Pune +28 other locations                                     , "Promotions, Job Security, Company Culture"
Sigma Electric Manufacturing Corporation                                        ,    4.0, (1.3k) , Industrial Machinery | Pune +24 other locations                                   , "Company Culture, Work Life Balance, Job Security"
Electronics Corporation of India Limited                                        ,    4.2, (1.3k) , Electronics Manufacturing | Hyderabad +57 other locations                         , "Company Culture, Work Life Balance, Work Satisfaction"
Panasonic                                                                       ,    4.0, (1.3k) , Consumer Electronics & Appliances | Gurugram +124 other locations                 , "Work Life Balance, Company Culture, Job Security"
AGS Transact Technologies                                                       ,    2.8, (1.3k) , FinTech | Mumbai +123 other locations                                             , "Promotions, Salary, Job Security"
Automotive Manufacturers                                                        ,    3.8, (1.3k) , Automobile | Hyderabad +150 other locations                                       , Promotions
Tenneco                                                                         ,    3.6, (1.3k) , Auto Components | Pune +45 other locations                                        , "Promotions, Company Culture, Work Satisfaction"
Godrej Consumer Products                                                        ,    4.0, (1.3k) , FMCG | Mumbai +149 other locations                                                , "Work Life Balance, Company Culture, Job Security"
Spandana Sphoorty Financial                                                     ,    3.7, (1.3k) , NBFC | Hyderabad +362 other locations                                             , "Job Security, Promotions"
Dell EMC                                                                        ,    3.7, (1.3k) , IT Services & Consulting | Bengaluru +53 other locations                          , Work Life Balance
Fresenius Kabi                                                                  ,    4.0, (1.3k) , Pharma | Pune +66 other locations                                                 , "Work Life Balance, Company Culture, Job Security"
Intertek                                                                        ,    3.7, (1.2k) , "Testing, Inspection and Certification (TIC) | New Delhi +117 other locations"    , "Promotions, Salary"
SKF                                                                             ,    4.0, (1.2k) , Auto Components | Pune +71 other locations                                        , "Company Culture, Work Life Balance, Skill Development"
PNC Infratech                                                                   ,    3.8, (1.2k) , Engineering & Construction | Agra +96 other locations                             , Promotions
H.G. Infra Engineering                                                          ,    4.0, (1.2k) , Engineering & Construction | Jaipur +99 other locations                           , "Salary, Skill Development, Company Culture"
iSON Xperiences                                                                 ,    3.2, (1.2k) , BPO | Chennai +43 other locations                                                 , "Promotions, Salary, Company Culture"
Mu Sigma                                                                        ,    2.5, (1.2k) , Analytics & KPO | Bengaluru +16 other locations                                   , "Work Life Balance, Job Security, Company Culture"
KIMS Hospital                                                                   ,    3.8, (1.2k) , Healthcare | Hyderabad +60 other locations                                        , "Promotions, Salary, Work Satisfaction"
Jindal X                                                                        ,    3.5, (1.2k) , BPO | New Delhi +22 other locations                                               , "Job Security, Promotions, Work Satisfaction"
Prodapt                                                                         ,    3.5, (1.2k) , IT Services & Consulting | Chennai +16 other locations                            , "Promotions, Salary, Work Satisfaction"
Kalpataru Limited                                                               ,    4.1, (1.2k) , Real Estate | Mumbai +84 other locations                                          , "Job Security, Work Life Balance, Salary"
Synchrony                                                                       ,    4.3, (1.2k) , Financial Services | Hyderabad +9 other locations                                 , "Job Security, Company Culture, Work Life Balance"
Zoho                                                                            ,    4.2, (1.2k) , Software Product | Chennai +37 other locations                                    , "Job Security, Company Culture, Work Life Balance"
DP World                                                                        ,    3.8, (1.2k) , Logistics | Mumbai +84 other locations                                            , Salary
Shriram Pistons & Rings                                                         ,    4.0, (1.2k) , Auto Components | Bhiwadi +61 other locations                                     , "Job Security, Company Culture, Work Life Balance"
Dassault Systemes                                                               ,    3.7, (1.2k) , Software Product | Pune +13 other locations                                       , "Job Security, Work Life Balance, Company Culture"
AIIMS                                                                           ,    4.1, (1.2k) , Education & Training | New Delhi +77 other locations                              , "Skill Development, Work Satisfaction, Work Life Balance"
Oil And Natural Gas Corporation                                                 ,    4.3, (1.2k) , Oil & Gas | Mumbai +84 other locations                                            , "Work Life Balance, Work Satisfaction, Job Security"
Rupeek                                                                          ,    4.1, (1.2k) , FinTech | Bengaluru +56 other locations                                           , "Work Life Balance, Company Culture, Work Satisfaction"
Rockman Industries                                                              ,    3.8, (1.2k) , Auto Components | Haridwar +41 other locations                                    , "Job Security, Skill Development, Salary"
Colliers India                                                                  ,    3.9, (1.2k) , Real Estate | Bengaluru +50 other locations                                       , "Work Life Balance, Salary"
Diageo                                                                          ,    3.8, (1.2k) , Beverage | Bengaluru +99 other locations                                          , "Company Culture, Work Life Balance, Salary"
Wind World                                                                      ,    4.0, (1.2k) , Power | Jaisalmer +85 other locations                                             , "Work Life Balance, Job Security, Work Satisfaction"
Parexel International                                                           ,    3.8, (1.2k) , Clinical Research | Hyderabad +25 other locations                                 , "Promotions, Salary"
DLF                                                                             ,    4.0, (1.2k) , Real Estate | Gurugram +35 other locations                                        , "Salary, Work Life Balance"
Indostar Capital Finance Limited                                                ,    4.3, (1.2k) , NBFC | Mumbai +332 other locations                                                , "Company Culture, Work Life Balance, Work Satisfaction"
Qualcomm                                                                        ,    3.7, (1.2k) , Semiconductors | Hyderabad +18 other locations                                    , Salary
Fidelity Investments                                                            ,    4.1, (1.2k) , Financial Services | Bengaluru +19 other locations                                , "Company Culture, Work Life Balance, Job Security"
Nielsen                                                                         ,    3.1, (1.2k) , Analytics & KPO | Bengaluru +74 other locations                                   , "Promotions, Job Security, Skill Development"
JTEKT                                                                           ,    4.1, (1.2k) , Auto Components | Gurugram +30 other locations                                    , "Job Security, Company Culture, Skill Development"
EbixCash Limited                                                                ,    3.6, (1.2k) , Software Product | Noida +86 other locations                                      , Work Life Balance
Kirloskar Oil Engines                                                           ,    4.1, (1.2k) , Industrial Machinery | Pune +109 other locations                                  , "Work Life Balance, Company Culture, Job Security"
DENSO                                                                           ,    4.1, (1.2k) , Auto Components | Gurugram +39 other locations                                    , "Job Security, Company Culture, Salary"
ExcelR                                                                          ,    3.6, (1.2k) , Education & Training | Bengaluru +25 other locations                              , "Promotions, Job Security, Salary"
Best Sellers                                                                    ,    4.1, (1.2k) , Retail | Mumbai +92 other locations                                               , "Company Culture, Work Life Balance, Skill Development"
PHN Technology                                                                  ,    4.3, (1.2k) , EdTech | Pune +32 other locations                                                 , "Skill Development, Company Culture, Work Life Balance"
Ahluwalia Contracts India                                                       ,    4.0, (1.2k) , Engineering & Construction | New Delhi +55 other locations                        , "Work Life Balance, Job Security, Salary"
Fidelity National Financial                                                     ,    3.7, (1.2k) , Financial Services | Bengaluru +16 other locations                                , Job Security
JK Lakshmi Cement                                                               ,    3.7, (1.2k) , Building Material | New Delhi +141 other locations                                , "Promotions, Job Security, Skill Development"
Strides Pharma                                                                  ,    3.8, (1.2k) , Pharma | Bengaluru +43 other locations                                            , Skill Development
Intel                                                                           ,    4.1, (1.2k) , Semiconductors | Bengaluru +38 other locations                                    , "Work Life Balance, Company Culture, Work Satisfaction"
ACG Worldwide                                                                   ,    3.8, (1.2k) , Pharma | Mumbai +32 other locations                                               , "Promotions, Work Satisfaction"
Genius HRTech                                                                   ,    3.8, (1.2k) , Recruitment | Kolkata +108 other locations                                        , Work Life Balance
Leadec India                                                                    ,    4.1, (1.2k) , Facility Management Services | Pune +82 other locations                           , "Work Life Balance, Company Culture, Work Satisfaction"
Innova Solutions                                                                ,    3.3, (1.2k) , IT Services & Consulting | Hyderabad +37 other locations                          , "Promotions, Job Security, Skill Development"
Baazar Retail Private Limited                                                   ,    4.5, (1.2k) , Retail | Kolkata +110 other locations                                             , "Company Culture, Work Life Balance, Job Security"
Federal Bank                                                                    ,    3.6, (1.2k) , Banking | Mumbai +155 other locations                                             , "Salary, Job Security"
Sri Chaitanya Techno Schools                                                    ,    3.5, (1.2k) , Education & Training | Bengaluru +171 other locations                             , "Promotions, Salary, Company Culture"
FOCUS EDUMATICS                                                                 ,    2.9, (1.2k) , EdTech | Coimbatore +35 other locations                                           , "Job Security, Promotions, Company Culture"
Zetwerk                                                                         ,    4.0, (1.2k) , Industrial Machinery | Bengaluru +122 other locations                             , "Salary, Company Culture, Work Life Balance"
Electronica Finance                                                             ,    4.1, (1.2k) , NBFC | Pune +174 other locations                                                  , "Salary, Work Life Balance, Skill Development"
PayPal                                                                          ,    3.7, (1.2k) , FinTech | Bengaluru +15 other locations                                           , "Salary, Work Life Balance, Company Culture"
Thyrocare Technologies                                                          ,    3.7, (1.2k) , Healthcare | Mumbai +77 other locations                                           , Promotions
HFCL Limited                                                                    ,    3.8, (1.2k) , Telecom | Hyderabad +112 other locations                                          , Work Life Balance
Salesforce                                                                      ,    3.9, (1.2k) , Software Product | Hyderabad +40 other locations                                  , "Salary, Work Life Balance, Company Culture"
Meril                                                                           ,    3.6, (1.2k) , Medical Equipment | Vapi +84 other locations                                      , Job Security
Indira IVF Hospital                                                             ,    3.9, (1.2k) , Healthcare | Mumbai +105 other locations                                          , Promotions
Prism Johnson                                                                   ,    3.7, (1.2k) , Building Material | Mumbai +147 other locations                                   , "Promotions, Company Culture, Work Satisfaction"
Barclays Shared Services                                                        ,    3.8, (1.2k) , Financial Services | Chennai +17 other locations                                  , Job Security
Aptiv                                                                           ,    3.4, (1.2k) , Auto Components | Bengaluru +26 other locations                                   , "Promotions, Company Culture, Work Satisfaction"
Aparna Constructions and Estates                                                ,    3.9, (1.2k) , Real Estate | Hyderabad +22 other locations                                       , "Job Security, Skill Development, Salary"
Podar International School                                                      ,    4.0, (1.2k) , Education & Training | Mumbai +125 other locations                                , "Company Culture, Work Life Balance, Job Security"
The Jaypee Group                                                                ,    3.9, (1.2k) , Engineering & Construction | Noida +107 other locations                           , "Job Security, Work Life Balance"
Apollo Health and Lifestyle Limited                                             ,    4.3, (1.2k) , Healthcare | Hyderabad +95 other locations                                        , "Job Security, Company Culture, Work Life Balance"
Balkrishna Industries                                                           ,    4.0, (1.2k) , Auto Components | Bhuj +35 other locations                                        , "Job Security, Salary, Work Life Balance"
Ocwen Financial Solutions                                                       ,    3.8, (1.2k) , Financial Services | Bengaluru +9 other locations                                 , "Company Culture, Work Life Balance"
Birla Corporation                                                               ,    4.1, (1.2k) , Building Material | Satna +146 other locations                                    , "Work Life Balance, Job Security, Company Culture"
Johnson Lifts                                                                   ,    3.9, (1.2k) , Industrial Machinery | Chennai +75 other locations                                , "Job Security, Work Life Balance"
Schaeffler India                                                                ,    4.1, (1.2k) , Auto Components | Vadodara +28 other locations                                    , "Job Security, Work Life Balance, Company Culture"
Coca-Cola Company                                                               ,    4.0, (1.2k) , Beverage | Bengaluru +208 other locations                                         , "Skill Development, Work Life Balance, Company Culture"
London Stock Exchange Group                                                     ,    3.6, (1.2k) , Financial Services | Bengaluru +11 other locations                                , Work Life Balance
MDIndia Health Insurance TPA                                                    ,    3.6, (1.2k) , Insurance | Pune +94 other locations                                              , "Promotions, Salary, Skill Development"
Nilkamal                                                                        ,    3.7, (1.1k) , Furniture & Furnishing | Mumbai +113 other locations                              , "Promotions, Skill Development, Work Satisfaction"
Edelweiss                                                                       ,    3.6, (1.1k) , Financial Services | Mumbai +114 other locations                                  , "Promotions, Work Satisfaction"
Dhoot Transmission                                                              ,    3.7, (1.1k) , Auto Components | Chhatrapati Sambhajinagar +43 other locations                   , "Promotions, Salary, Company Culture"
Biocon Biologics                                                                ,    3.7, (1.1k) , Biotechnology | Bengaluru +27 other locations                                     , "Promotions, Work Satisfaction, Salary"
CaratLane - A Tata Product                                                      ,    4.0, (1.1k) , Jewellery | Chennai +87 other locations                                           , "Skill Development, Company Culture, Job Security"
Dishtv                                                                          ,    3.4, (1.1k) , Broadcasting | Noida +151 other locations                                         , "Promotions, Job Security, Skill Development"
Deccan Fine Chemicals                                                           ,    3.6, (1.1k) , Agro Chemicals | Tuni +31 other locations                                         , "Company Culture, Promotions, Work Satisfaction"
Imperial Auto Industries                                                        ,    3.8, (1.1k) , Auto Components | Faridabad +37 other locations                                   , "Promotions, Salary, Company Culture"
Motilal Oswal Home Finance                                                      ,    4.3, (1.1k) , NBFC | Mumbai +130 other locations                                                , "Company Culture, Work Life Balance, Skill Development"
Edelweiss Life Insurance                                                        ,    3.7, (1.1k) , Insurance | Mumbai +124 other locations                                           , "Work Satisfaction, Job Security, Promotions"
Bajaj Motors                                                                    ,    3.9, (1.1k) , Auto Components | Gurugram +92 other locations                                    , "Work Life Balance, Skill Development, Company Culture"
Kohler                                                                          ,    3.7, (1.1k) , Building Material | Pune +52 other locations                                      , "Promotions, Job Security, Work Satisfaction"
IIFL Home Finance                                                               ,    3.8, (1.1k) , NBFC | Gurugram +265 other locations                                              , Promotions
INDO-MIM                                                                        ,    4.0, (1.1k) , Metals & Mining | Bengaluru +35 other locations                                   , "Job Security, Work Life Balance, Skill Development"
Stanza Living                                                                   ,    3.3, (1.1k) , Internet | Bengaluru +37 other locations                                          , "Job Security, Promotions, Company Culture"
Jacobs Engineering Group                                                        ,    4.2, (1.1k) , Engineering & Construction | Mumbai +41 other locations                           , "Company Culture, Work Life Balance, Work Satisfaction"
Piaggio                                                                         ,    3.6, (1.1k) , Automobile | Pune +85 other locations                                             , "Promotions, Job Security, Company Culture"
Onward Technologies Inc                                                         ,    2.9, (1.1k) , IT Services & Consulting | Pune +64 other locations                               , "Job Security, Promotions, Skill Development"
Barbeque Nation                                                                 ,    3.9, (1.1k) , Hospitality | Bengaluru +83 other locations                                       , "Company Culture, Job Security, Skill Development"
Jabil Circuit India                                                             ,    4.0, (1.1k) , Electronics Manufacturing | Pune +30 other locations                              , "Company Culture, Skill Development, Work Life Balance"
Navitasys India                                                                 ,    4.1, (1.1k) , Electronics Manufacturing | Bawal +28 other locations                             , "Job Security, Salary, Company Culture"
Unicharm                                                                        ,    3.9, (1.1k) , FMCG | Gurugram +192 other locations                                              , Salary
Asirvad Microfinance                                                            ,    3.8, (1.1k) , NBFC | Chennai +322 other locations                                               , "Promotions, Salary"
Advantmed                                                                       ,    4.1, (1.1k) , Healthcare | Ahmedabad +16 other locations                                        , "Company Culture, Skill Development, Work Life Balance"
Wonder Home Finance                                                             ,    4.6, (1.1k) , NBFC | Jaipur +120 other locations                                                , "Company Culture, Work Life Balance, Work Satisfaction"
Wistron                                                                         ,    4.0, (1.1k) , Electronics Manufacturing | Bengaluru +22 other locations                         , "Job Security, Company Culture, Work Life Balance"
V2 Retail                                                                       ,    3.3, (1.1k) , Retail | New Delhi +137 other locations                                           , "Job Security, Company Culture, Work Satisfaction"
TK Elevator                                                                     ,    3.8, (1.1k) , Industrial Machinery | Pune +80 other locations                                   , Promotions
MG Motor                                                                        ,    3.8, (1.1k) , Automobile | Vadodara +101 other locations                                        , Promotions
Air India Sats Airport Services                                                 ,    3.6, (1.1k) , Aviation | New Delhi +46 other locations                                          , "Promotions, Salary, Work Satisfaction"
MAHLE ANAND Filter Systems                                                      ,    3.9, (1.1k) , Auto Components | Pune +40 other locations                                        , "Job Security, Company Culture, Work Life Balance"
Hyundai Mobis                                                                   ,    3.7, (1.1k) , Auto Components | Chennai +47 other locations                                     , "Job Security, Salary"
Sundaram Finance                                                                ,    3.9, (1.1k) , NBFC | Chennai +251 other locations                                               , "Job Security, Company Culture, Work Life Balance"
Sundaram Finance                                                                ,    3.9, (1.1k) , NBFC | Chennai +251 other locations                                               , "Job Security, Company Culture, Work Life Balance"
Svatantra Microfin                                                              ,    3.9, (1.1k) , NBFC | Mumbai +338 other locations                                                , "Company Culture, Skill Development, Job Security"
One Point One Solutions Ltd.                                                    ,    3.5, (1.1k) , BPO | Bengaluru +18 other locations                                               , "Promotions, Salary, Work Satisfaction"
Hikal                                                                           ,    3.8, (1.1k) , Pharma | Bengaluru +22 other locations                                            , "Job Security, Work Life Balance"
Sri Chaitanya Educational Institutions                                          ,    3.6, (1.1k) , Education & Training | Hyderabad +102 other locations                             , "Promotions, Company Culture, Salary"
TÜV NORD                                                                        ,    3.7, (1.1k) , "Testing, Inspection and Certification (TIC) | Pune +91 other locations"          , "Promotions, Company Culture, Job Security"
Kirloskar Brothers                                                              ,    3.7, (1.1k) , Industrial Machinery | Pune +74 other locations                                   , Work Life Balance
VMware Software                                                                 ,    4.4, (1.1k) , Software Product | Bengaluru +17 other locations                                  , "Salary, Company Culture, Work Life Balance"
Saipem                                                                          ,    4.2, (1.1k) , Engineering & Construction | Chennai +42 other locations                          , "Job Security, Work Life Balance, Company Culture"
Tube Investments of India                                                       ,    3.8, (1.1k) , Engineering & Construction | Chennai +65 other locations                          , Job Security
Godrej Agrovet                                                                  ,    3.9, (1.1k) , Agriculture | Mumbai +146 other locations                                         , "Job Security, Company Culture"
Syngenta                                                                        ,    4.2, (1.1k) , Agriculture | Pune +173 other locations                                           , "Work Life Balance, Company Culture, Work Satisfaction"
Vedanta Aluminium                                                               ,    3.8, (1.1k) , Metals & Mining | Jharsuguda +46 other locations                                  , "Salary, Job Security"
ICON Plc                                                                        ,    4.0, (1.1k) , Clinical Research | Chennai +23 other locations                                   , "Work Life Balance, Company Culture, Job Security"
Knorr-Bremse                                                                    ,    3.3, (1.1k) , Auto Components | Pune +33 other locations                                        , "Promotions, Job Security, Skill Development"
Northcorp Software                                                              ,    4.9, (1.1k) , IT Services & Consulting | Gurugram +7 other locations                            , "Work Life Balance, Work Satisfaction, Job Security"
CALIBEHR                                                                        ,    4.0, (1.1k) , IT Services & Consulting | Mumbai +184 other locations                            , "Company Culture, Work Life Balance, Skill Development"
Aarvi Encon                                                                     ,    3.9, (1.1k) , Recruitment | Mumbai +132 other locations                                         , "Work Life Balance, Salary"
Unity Small Finance Bank                                                        ,    3.6, (1.1k) , Banking | Mumbai +149 other locations                                             , "Promotions, Job Security, Company Culture"
HPCL-Mittal Energy Limited                                                      ,    4.3, (1.1k) , Petrochemicals | Bathinda +29 other locations                                     , "Work Life Balance, Job Security, Company Culture"
Adani Ports and SEZ                                                             ,    3.6, (1.1k) , Ports & Shipping | Mundra +60 other locations                                     , "Promotions, Job Security, Company Culture"
Tata Capital Housing Finance                                                    ,    4.0, (1.1k) , NBFC | Mumbai +171 other locations                                                , "Skill Development, Salary, Job Security"
Xyz Company                                                                     ,    3.8, (1.1k) , Financial Services | Bengaluru +90 other locations                                , "Company Culture, Work Life Balance, Job Security"
Gmmco                                                                           ,    4.1, (1.1k) , Industrial Machinery | Chennai +90 other locations                                , "Skill Development, Job Security, Work Life Balance"
Vayona Energy                                                                   ,    4.0, (1.1k) , Power | Bengaluru +68 other locations                                             , "Work Life Balance, Salary"
TKIL                                                                            ,    4.1, (1.1k) , Industrial Machinery | Pune +66 other locations                                   , "Company Culture, Work Life Balance, Job Security"
GAIL                                                                            ,    4.4, (1.1k) , Oil & Gas | New Delhi +104 other locations                                        , "Company Culture, Work Life Balance, Skill Development"
Power Grid Corporation of India                                                 ,    4.3, (1.1k) , Power | Gurugram +235 other locations                                             , "Company Culture, Salary, Work Life Balance"
Hinduja Housing Finance                                                         ,    3.7, (1.1k) , NBFC | New Delhi +215 other locations                                             , "Promotions, Company Culture, Work Satisfaction"
Metropolis Healthcare                                                           ,    3.9, (1.1k) , Healthcare | Mumbai +104 other locations                                          , "Work Life Balance, Skill Development"
Jet Airways                                                                     ,    4.6, (1.1k) , Aviation | Mumbai +44 other locations                                             , "Work Satisfaction, Company Culture, Work Life Balance"
Pernod Ricard                                                                   ,    3.5, (1.1k) , Beverage | Gurugram +121 other locations                                          , Salary
Dana Anand                                                                      ,    4.0, (1.1k) , Auto Components | Pune +49 other locations                                        , "Company Culture, Job Security, Skill Development"
Nexa                                                                            ,    3.9, (1.1k) , Automobile | New Delhi +216 other locations                                       , Skill Development
Thermo Fisher Scientific                                                        ,    3.8, (1.1k) , Biotechnology | Bengaluru +36 other locations                                     , "Work Life Balance, Job Security"
Bajaj Capital Insurance Broking Limited                                         ,    4.4, (1.1k) , Insurance | New Delhi +141 other locations                                        , "Skill Development, Company Culture, Work Life Balance"
Innodata India Private Limited                                                  ,    3.6, (1.1k) , IT Services & Consulting | Noida +23 other locations                              , "Promotions, Job Security, Skill Development"
Aspire Systems                                                                  ,    3.8, (1.1k) , IT Services & Consulting | Chennai +23 other locations                            , "Job Security, Company Culture, Work Life Balance"
Klm Axiva Finvest                                                               ,    4.4, (1.1k) , NBFC | Bengaluru +158 other locations                                             , "Company Culture, Work Life Balance, Work Satisfaction"
Amazon Sellers Services                                                         ,    4.0, (1.1k) , Internet | Bengaluru +68 other locations                                          , "Salary, Company Culture, Skill Development"
SLMG Beverages                                                                  ,    3.9, (1.1k) , Beverage | Lucknow +96 other locations                                            , "Work Life Balance, Skill Development"
Fractal Analytics                                                               ,    4.0, (1.1k) , Analytics & KPO | Bengaluru +19 other locations                                   , "Company Culture, Work Life Balance, Job Security"
Greenko Group                                                                   ,    3.9, (1.1k) , Power | Hyderabad +83 other locations                                             , "Job Security, Work Life Balance"
Zf Rane Automotive                                                              ,    3.9, (1.1k) , Auto Components | Chennai +50 other locations                                     , "Skill Development, Job Security"
Hitachi Energy                                                                  ,    4.0, (1.1k) , Power | Chennai +39 other locations                                               , "Job Security, Work Life Balance, Company Culture"
Hindustan Zinc                                                                  ,    3.7, (1.1k) , Metals & Mining | Udaipur +36 other locations                                     , Salary
QX Global Group                                                                 ,    3.1, (1.1k) , BPO | Ahmedabad +19 other locations                                               , "Promotions, Work Satisfaction, Job Security"
Bharat Sanchar Nigam                                                            ,    3.9, (1k)   , Telecom | Bengaluru +240 other locations                                          , "Work Life Balance, Job Security"
GlobalData                                                                      ,    3.3, (1k)   , Analytics & KPO | Hyderabad +22 other locations                                   , "Promotions, Salary, Skill Development"
Netcracker Technology                                                           ,    3.0, (1k)   , IT Services & Consulting | Hyderabad +12 other locations                          , "Promotions, Job Security, Company Culture"
Spencer's Retail                                                                ,    3.8, (1k)   , Retail | Kolkata +63 other locations                                              , Promotions
Crompton Greaves Consumer Electricals                                           ,    3.7, (1k)   , Consumer Electronics & Appliances | Mumbai +109 other locations                   , "Promotions, Company Culture, Work Satisfaction"
Malabar Gold and Diamonds                                                       ,    4.1, (1k)   , Jewellery | Hyderabad +132 other locations                                        , "Company Culture, Job Security, Skill Development"
Gharda Chemicals Limited                                                        ,    4.0, (1k)   , Agro Chemicals | Mumbai +73 other locations                                       , "Job Security, Work Life Balance, Skill Development"
Nippon Life India Asset Management                                              ,    4.6, (1k)   , Financial Services | Mumbai +189 other locations                                  , "Company Culture, Work Life Balance, Job Security"
Encora                                                                          ,    3.4, (1k)   , IT Services & Consulting | Bengaluru +19 other locations                          , "Job Security, Promotions, Skill Development"
BirlaNu                                                                         ,    3.8, (1k)   , Building Material | Hyderabad +110 other locations                                , Promotions
Vertiv                                                                          ,    3.8, (1k)   , Electronics Manufacturing | Pune +54 other locations                              , Job Security
ValueMomentum                                                                   ,    3.2, (1k)   , IT Services & Consulting | Hyderabad +11 other locations                          , "Promotions, Company Culture, Work Satisfaction"
Otis Elevator                                                                   ,    4.0, (1k)   , Industrial Machinery | Bengaluru +71 other locations                              , "Job Security, Company Culture, Work Life Balance"
Shyam Steel Group                                                               ,    3.4, (1k)   , Iron & Steel | Kolkata +87 other locations                                        , "Promotions, Work Satisfaction, Skill Development"
Wheels                                                                          ,    3.9, (1k)   , Auto Components | Chennai +47 other locations                                     , "Job Security, Skill Development"
Kinara Capital                                                                  ,    4.2, (1k)   , NBFC | Bengaluru +115 other locations                                             , "Company Culture, Work Life Balance, Work Satisfaction"
Lakshmi Machine Works                                                           ,    3.8, (1k)   , Industrial Machinery | Coimbatore +30 other locations                             , Job Security
GVPR Engineers                                                                  ,    3.8, (1k)   , Engineering & Construction | Hyderabad +94 other locations                        , "Work Life Balance, Salary"
Allianz Technology                                                              ,    4.0, (1k)   , IT Services & Consulting | Pune +14 other locations                               , "Work Life Balance, Company Culture, Job Security"
Uber                                                                            ,    4.1, (1k)   , Internet | Hyderabad +52 other locations                                          , "Work Life Balance, Company Culture, Salary"
IB Group                                                                        ,    3.7, (1k)   , Food Processing | Rajnandgaon +152 other locations                                , "Promotions, Company Culture, Work Satisfaction"
NBC Bearings                                                                    ,    3.9, (1k)   , Auto Components | Jaipur +28 other locations                                      , "Job Security, Work Life Balance, Company Culture"
Birla Opus                                                                      ,    4.0, (1k)   , Chemicals | Mumbai +279 other locations                                           , "Skill Development, Work Life Balance, Company Culture"
Atlas Copco                                                                     ,    4.1, (1k)   , Industrial Machinery | Pune +59 other locations                                   , "Company Culture, Job Security, Work Life Balance"
Ceasefire Industries                                                            ,    3.1, (1k)   , Industrial Machinery | New Delhi +76 other locations                              , "Promotions, Work Satisfaction, Job Security"
Amara Raja Group                                                                ,    4.1, (1k)   , Auto Components | Tirupati +80 other locations                                    , "Job Security, Skill Development, Company Culture"
ALLEN Career Institute                                                          ,    3.8, (1k)   , Education & Training | Kota +72 other locations                                   , "Promotions, Skill Development"
iQor Global Services                                                            ,    3.3, (1k)   , BPO | Noida +50 other locations                                                   , "Promotions, Job Security, Skill Development"
Hitachi Payment Services                                                        ,    3.6, (1k)   , FinTech | Mumbai +89 other locations                                              , "Promotions, Job Security, Skill Development"
SitusAMC                                                                        ,    3.2, (1k)   , Financial Services | Bengaluru +18 other locations                                , "Promotions, Company Culture, Work Satisfaction"
Vistaar Finance                                                                 ,    3.9, (1k)   , NBFC | Bengaluru +203 other locations                                             , Salary
Suzuki Motorcycle                                                               ,    4.0, (1k)   , Automobile | Gurugram +120 other locations                                        , "Job Security, Work Life Balance, Company Culture"
Fortrea Development India Private Limited                                       ,    3.9, (1k)   , Clinical Research | Bengaluru +11 other locations                                 , "Work Life Balance, Company Culture"
Tata Cummins                                                                    ,    4.4, (1k)   , Auto Components | Jamshedpur +45 other locations                                  , "Company Culture, Work Life Balance, Work Satisfaction"
Sahara India Pariwar                                                            ,    3.8, (1k)   , Broadcasting | Lucknow +245 other locations                                       , Work Life Balance
Syrma SGS Technologies                                                          ,    4.0, (1k)   , Electronics Manufacturing | Chennai +23 other locations                           , "Job Security, Company Culture, Work Life Balance"
Perfetti Van Melle                                                              ,    4.2, (1k)   , FMCG | Gurugram +163 other locations                                              , "Company Culture, Work Life Balance, Work Satisfaction"
BDR Pharmaceuticals International                                               ,    4.1, (1k)   , Pharma | Vadodara +29 other locations                                             , "Job Security, Company Culture, Skill Development"
Secure Meters                                                                   ,    3.9, (1k)   , Electronics Manufacturing | Udaipur +73 other locations                           , "Job Security, Company Culture, Work Life Balance"
Visionet Systems                                                                ,    3.3, (1k)   , IT Services & Consulting | Bengaluru +17 other locations                          , "Promotions, Salary, Work Satisfaction"
Incheon Motors                                                                  ,    4.7, (1k)   , Automobile | Kochi +16 other locations                                            , "Company Culture, Job Security, Skill Development"
Temenos                                                                         ,    3.2, (1k)   , Software Product | Chennai +11 other locations                                    , "Promotions, Job Security, Skill Development"
MakeMyTrip                                                                      ,    3.4, (1k)   , Travel & Tourism | Gurugram +46 other locations                                   , "Promotions, Work Satisfaction, Salary"
Lemon Tree Hotels                                                               ,    4.0, (1k)   , Hospitality | New Delhi +80 other locations                                       , "Job Security, Company Culture, Work Life Balance"
Thomas Cook                                                                     ,    4.0, (1k)   , Travel & Tourism | Mumbai +80 other locations                                     , "Job Security, Company Culture, Skill Development"
United Breweries                                                                ,    3.3, (1k)   , Beverage | Bengaluru +106 other locations                                         , "Promotions, Job Security, Company Culture"
Bounteous x Accolite                                                            ,    3.2, (1k)   , IT Services & Consulting | Bengaluru +15 other locations                          , "Promotions, Company Culture, Work Satisfaction"
MasterCard                                                                      ,    3.8, (1k)   , FinTech | Pune +16 other locations                                                , "Work Life Balance, Company Culture, Salary"
Colgate Palmolive                                                               ,    3.9, (1k)   , FMCG | Mumbai +121 other locations                                                , "Company Culture, Work Life Balance, Job Security"
Aparajitha Corporate Services                                                   ,    3.8, (1k)   , Legal | Madurai +97 other locations                                               , "Work Life Balance, Job Security, Skill Development"
TradeIndia (Infocom Network Private Limited)                                    ,    3.4, (1k)   , Internet | New Delhi +42 other locations                                          , "Promotions, Work Satisfaction, Job Security"
Westside                                                                        ,    3.7, (1k)   , Retail | Mumbai +109 other locations                                              , "Job Security, Skill Development"
Comviva Technology                                                              ,    2.8, (1k)   , Software Product | Gurugram +19 other locations                                   , "Promotions, Salary, Work Satisfaction"
Vaco Binary Semantics                                                           ,    3.1, (1k)   , IT Services & Consulting | Gurugram +49 other locations                           , "Promotions, Skill Development, Work Satisfaction"
Comviva Technology                                                              ,    2.8, (1k)   , Software Product | Gurugram +19 other locations                                   , "Promotions, Salary, Work Satisfaction"
eClinicalWorks                                                                  ,    3.6, (1k)   , Software Product | Mumbai +20 other locations                                     , Job Security
Siemens Energy                                                                  ,    4.1, (1k)   , Power | Pune +50 other locations                                                  , "Work Life Balance, Company Culture, Job Security"
Skipper                                                                         ,    3.9, (1k)   , Industrial Machinery | Kolkata +93 other locations                                , Promotions
Skoda Auto Volkswagen India                                                     ,    4.0, (1k)   , Automobile | Pune +48 other locations                                             , "Work Life Balance, Company Culture"
Arohan Financial Services                                                       ,    3.9, (1k)   , NBFC | Kolkata +237 other locations                                               , Salary
SYSKA LED Lights                                                                ,    2.9, (1k)   , Consumer Electronics & Appliances | Pune +154 other locations                     , "Job Security, Promotions, Salary"
AstraZeneca                                                                     ,    3.9, (1k)   , Pharma | Chennai +49 other locations                                              , "Work Life Balance, Salary, Company Culture"
Cult.fit                                                                        ,    3.5, (1k)   , Fitness & Wellness | Bengaluru +42 other locations                                , "Promotions, Job Security, Work Satisfaction"
Merino Industries                                                               ,    3.7, (999)  , Building Material | New Delhi +82 other locations                                 , "Promotions, Company Culture, Work Satisfaction"
Star Cement                                                                     ,    4.0, (998)  , Building Material | Guwahati +79 other locations                                  , "Job Security, Work Life Balance, Company Culture"
Collins Aerospace                                                               ,    3.8, (998)  , Defence & Aerospace | Bengaluru +12 other locations                               , "Work Life Balance, Job Security"
Mastek                                                                          ,    3.6, (997)  , IT Services & Consulting | Mumbai +23 other locations                             , "Promotions, Salary, Work Satisfaction"
Amazon Web Services                                                             ,    3.8, (996)  , IT Services & Consulting | Bengaluru +62 other locations                          , Salary
CarDekho Group                                                                  ,    3.6, (995)  , Internet | Gurugram +81 other locations                                           , "Promotions, Job Security, Work Satisfaction"
Tiger Analytics                                                                 ,    3.7, (993)  , IT Services & Consulting | Bengaluru +17 other locations                          , "Skill Development, Salary"
C&S Electric                                                                    ,    3.9, (992)  , Electrical Equipment | Noida +57 other locations                                  , "Job Security, Work Life Balance"
Mahindra Automotives                                                            ,    3.8, (992)  , Automobile | Pune +132 other locations                                            , "Job Security, Skill Development"
JW Marriott                                                                     ,    4.2, (991)  , Hospitality | Mumbai +43 other locations                                          , "Job Security, Skill Development, Company Culture"
Xebia                                                                           ,    3.0, (992)  , IT Services & Consulting | Gurugram +23 other locations                           , "Promotions, Job Security, Work Satisfaction"
Everest Industries                                                              ,    3.8, (990)  , Building Material | Mumbai +98 other locations                                    , Work Life Balance
Rebel Foods                                                                     ,    3.7, (991)  , Hospitality | Mumbai +79 other locations                                          , "Promotions, Work Satisfaction, Work Life Balance"
Softenger                                                                       ,    4.0, (987)  , IT Services & Consulting | Pune +32 other locations                               , "Company Culture, Work Life Balance, Work Satisfaction"
Quantiphi Analytics Solutions Private Limited                                   ,    3.1, (985)  , IT Services & Consulting | Bengaluru +18 other locations                          , "Job Security, Work Life Balance, Promotions"
Lumina Datamatics                                                               ,    3.1, (985)  , IT Services & Consulting | Mumbai +20 other locations                             , "Promotions, Salary, Skill Development"
Entain                                                                          ,    3.6, (986)  , IT Services & Consulting | Hyderabad +13 other locations                          , Work Life Balance
Motherson Sumi Wiring                                                           ,    3.7, (987)  , Electrical Equipment | Noida +43 other locations                                  , Job Security
Wonder Cement                                                                   ,    4.2, (986)  , Building Material | Nimbahera +112 other locations                                , "Salary, Company Culture, Work Life Balance"
Pizza Hut                                                                       ,    4.0, (983)  , Hospitality | New Delhi +128 other locations                                      , "Skill Development, Job Security, Company Culture"
VeeTechnologies                                                                 ,    3.9, (983)  , IT Services & Consulting | Bengaluru +40 other locations                          , "Job Security, Company Culture, Work Life Balance"
Barclays Global Service Centre                                                  ,    3.9, (981)  , IT Services & Consulting | Pune +13 other locations                               , "Company Culture, Work Life Balance, Job Security"
Capacit'e Infraprojects                                                         ,    3.7, (981)  , Engineering & Construction | Mumbai +35 other locations                           , "Promotions, Company Culture, Work Life Balance"
General Mills                                                                   ,    4.1, (981)  , Food Processing | Mumbai +54 other locations                                      , "Company Culture, Work Life Balance, Job Security"
Lowe's                                                                          ,    4.0, (980)  , Retail | Bengaluru +9 other locations                                             , "Company Culture, Work Life Balance, Job Security"
JSW Group                                                                       ,    3.8, (979)  , Iron & Steel | Mumbai +98 other locations                                         , Job Security
TechnipFMC                                                                      ,    3.9, (978)  , Engineering & Construction | Hyderabad +43 other locations                        , "Company Culture, Work Life Balance, Job Security"
Natco Pharma                                                                    ,    3.9, (978)  , Pharma | Hyderabad +66 other locations                                            , "Work Life Balance, Job Security, Salary"
J B Chemicals And Pharmaceuticals                                               ,    3.9, (977)  , Pharma | Mumbai +96 other locations                                               , Promotions
Technip Energies                                                                ,    4.0, (977)  , Engineering & Construction | Noida +42 other locations                            , "Company Culture, Job Security, Skill Development"
Yokohama Off-Highway Tires                                                      ,    3.7, (976)  , Auto Components | Bharuch +38 other locations                                     , "Promotions, Work Satisfaction, Salary"
National Payments Corporation of India                                          ,    4.0, (976)  , FinTech | Mumbai +11 other locations                                              , "Job Security, Skill Development, Work Life Balance"
VIP Industries                                                                  ,    3.7, (973)  , Retail | Mumbai +96 other locations                                               , "Promotions, Company Culture, Job Security"
Jyothy Labs                                                                     ,    4.0, (973)  , FMCG | Mumbai +197 other locations                                                , "Salary, Company Culture, Job Security"
Napino Auto & Electronics                                                       ,    3.8, (972)  , Auto Components | Gurugram +25 other locations                                    , Promotions
Hiranandani Financial Services                                                  ,    4.4, (973)  , NBFC | Mumbai +136 other locations                                                , "Company Culture, Work Life Balance, Skill Development"
Salcomp Manufacturing                                                           ,    4.0, (972)  , Electronics Manufacturing | Chennai +28 other locations                           , "Job Security, Work Life Balance, Skill Development"
Pricol                                                                          ,    3.9, (971)  , Auto Components | Coimbatore +34 other locations                                  , "Skill Development, Company Culture, Work Life Balance"
Altisource                                                                      ,    3.5, (970)  , Real Estate | Bengaluru +9 other locations                                        , "Promotions, Job Security, Skill Development"
Financial Software & Systems                                                    ,    3.7, (969)  , Software Product | Chennai +35 other locations                                    , "Promotions, Salary, Work Satisfaction"
Kendriya Vidyalaya Sangathan                                                    ,    4.3, (969)  , Education & Training | New Delhi +233 other locations                             , "Work Life Balance, Company Culture, Skill Development"
Guidehouse                                                                      ,    3.6, (969)  , Management Consulting | Chennai +19 other locations                               , Salary
Marsh McLennan                                                                  ,    3.8, (970)  , Management Consulting | Mumbai +24 other locations                                , "Work Life Balance, Job Security, Company Culture"
Shriram General Insurance                                                       ,    3.6, (967)  , Insurance | Jaipur +201 other locations                                           , "Promotions, Salary, Company Culture"
LOREAL                                                                          ,    3.8, (967)  , Beauty & Personal Care | Mumbai +99 other locations                               , Salary
KEI Industries                                                                  ,    4.2, (967)  , Electrical Equipment | New Delhi +107 other locations                             , "Salary, Job Security, Work Life Balance"
Psp Projects                                                                    ,    3.8, (965)  , Engineering & Construction | Ahmedabad +56 other locations                        , "Skill Development, Salary"
Astral Adhesives                                                                ,    3.9, (964)  , Chemicals | Ahmedabad +162 other locations                                        , Salary
Gannon Dunkerley & Co.                                                          ,    3.3, (956)  , Engineering & Construction | Kolkata +81 other locations                          , "Salary, Promotions, Company Culture"
Pramerica Life Insurance                                                        ,    3.7, (956)  , Insurance | Gurugram +126 other locations                                         , Work Life Balance
Defence Research & Development Organisation                                     ,    4.4, (958)  , Defence & Aerospace | Hyderabad +59 other locations                               , "Work Life Balance, Work Satisfaction, Skill Development"
ICCS                                                                            ,    3.0, (955)  , BPO | Noida +32 other locations                                                   , "Promotions, Job Security, Salary"
Adani Enterprises                                                               ,    3.6, (954)  , Metals & Mining | Ahmedabad +76 other locations                                   , "Promotions, Work Satisfaction, Company Culture"
Nasser S. Al Hajri Corporation                                                  ,    3.6, (952)  , Engineering & Construction | Chennai +55 other locations                          , Job Security
Mando Automotive                                                                ,    4.0, (952)  , Auto Components | Chennai +21 other locations                                     , "Job Security, Skill Development, Company Culture"
Episource                                                                       ,    3.9, (950)  , IT Services & Consulting | Chennai +19 other locations                            , "Company Culture, Job Security, Skill Development"
Xceedance                                                                       ,    3.5, (950)  , IT Services & Consulting | Gurugram +14 other locations                           , "Promotions, Work Satisfaction, Salary"
Signify                                                                         ,    3.4, (949)  , Consumer Electronics & Appliances | Bengaluru +84 other locations                 , "Promotions, Work Satisfaction, Company Culture"
Jaro Education                                                                  ,    3.2, (948)  , Education & Training | Mumbai +24 other locations                                 , Salary
SFO Technologies                                                                ,    3.4, (947)  , Electronics Manufacturing | Bengaluru +16 other locations                         , "Promotions, Salary, Company Culture"
Amphenol Interconnect                                                           ,    4.2, (949)  , Electrical Equipment | Pune +19 other locations                                   , "Work Life Balance, Company Culture, Work Satisfaction"
Timken                                                                          ,    3.9, (946)  , Industrial Machinery | Jamshedpur +44 other locations                             , Promotions
KMV Projects Limited                                                            ,    4.2, (946)  , Engineering & Construction | Hyderabad +71 other locations                        , "Salary, Company Culture, Job Security"
Jubilant Pharmova                                                               ,    3.7, (946)  , Pharma | Noida +61 other locations                                                , Promotions
Cohance Lifesciences                                                            ,    3.8, (946)  , Pharma | Hyderabad +24 other locations                                            , Work Life Balance
Velocis Systems                                                                 ,    3.8, (945)  , IT Services & Consulting | New Delhi +53 other locations                          , "Work Life Balance, Job Security"
FLSmidth                                                                        ,    3.5, (944)  , Industrial Machinery | Chennai +25 other locations                                , Work Life Balance
JSW Paints                                                                      ,    3.8, (943)  , Chemicals | Mumbai +172 other locations                                           , Promotions
Reliance Power                                                                  ,    4.1, (942)  , Power | Singrauli +43 other locations                                             , "Job Security, Work Life Balance, Work Satisfaction"
Petrofac                                                                        ,    4.2, (941)  , Oil & Gas | Chennai +42 other locations                                           , "Salary, Company Culture, Work Life Balance"
Tikona Infinet                                                                  ,    3.4, (941)  , Telecom | Mumbai +45 other locations                                              , "Promotions, Salary, Job Security"
Petrofac                                                                        ,    4.2, (941)  , Oil & Gas | Chennai +42 other locations                                           , "Salary, Company Culture, Work Life Balance"
Knight Frank                                                                    ,    4.0, (941)  , Real Estate | Mumbai +52 other locations                                          , "Company Culture, Work Life Balance, Job Security"
Navayuga Engineering Company                                                    ,    3.9, (939)  , Engineering & Construction | Hyderabad +74 other locations                        , "Work Life Balance, Job Security"
Bhanzu                                                                          ,    3.8, (940)  , EdTech | Bengaluru +14 other locations                                            , Work Life Balance
Hathway                                                                         ,    3.3, (938)  , Telecom | Mumbai +58 other locations                                              , "Promotions, Work Satisfaction, Job Security"
Godfrey Phillips India                                                          ,    4.0, (934)  , FMCG | New Delhi +125 other locations                                             , "Work Life Balance, Job Security, Company Culture"
Volvo                                                                           ,    4.0, (934)  , Automobile | Bengaluru +40 other locations                                        , "Work Life Balance, Job Security, Company Culture"
Tafe Motors & Tractors                                                          ,    3.9, (933)  , Industrial Machinery | Bhopal +73 other locations                                 , "Company Culture, Job Security"
"Commonwealth Bank of Australia, India"                                         ,    2.7, (932)  , Financial Services | Bengaluru +14 other locations                                , "Promotions, Job Security, Work Satisfaction"
LanceSoft                                                                       ,    3.2, (933)  , Recruitment | Hyderabad +31 other locations                                       , "Promotions, Job Security, Work Satisfaction"
FastInfo                                                                        ,    4.2, (931)  , Internet | Kolkata +8 other locations                                             , "Company Culture, Work Life Balance, Work Satisfaction"
Bayer                                                                           ,    4.0, (931)  , Pharma | Bengaluru +117 other locations                                           , "Work Life Balance, Company Culture, Work Satisfaction"
Sandhar Technologies                                                            ,    3.7, (930)  , Auto Components | Gurugram +32 other locations                                    , "Promotions, Company Culture, Work Satisfaction"
CIEL HR                                                                         ,    3.9, (929)  , Recruitment | Bengaluru +112 other locations                                      , "Work Life Balance, Company Culture"
Naukri                                                                          ,    4.1, (929)  , Internet | Noida +71 other locations                                              , "Job Security, Company Culture, Work Life Balance"
Regulated Council of Immigration Consultants                                    ,    4.9, (928)  , Other | Dubai +5 other locations                                                  , "Company Culture, Work Life Balance, Work Satisfaction"
Apotex Research                                                                 ,    3.8, (927)  , Pharma | Bengaluru +14 other locations                                            , Work Life Balance
Intellipaat Software Solutions                                                  ,    3.9, (925)  , EdTech | Bengaluru +17 other locations                                            , "Skill Development, Salary, Company Culture"
Medhaj Techno Concept                                                           ,    4.0, (925)  , Management Consulting | Lucknow +152 other locations                              , "Work Life Balance, Company Culture, Work Satisfaction"
Medha Servo Drives                                                              ,    4.2, (923)  , Electrical Equipment | Hyderabad +56 other locations                              , "Job Security, Skill Development, Company Culture"
GE Healthcare                                                                   ,    3.9, (923)  , Medical Equipment | Bengaluru +35 other locations                                 , "Company Culture, Work Life Balance, Job Security"
Aircel                                                                          ,    4.4, (922)  , Telecom | New Delhi +113 other locations                                          , "Company Culture, Work Life Balance, Work Satisfaction"
Schlumberger                                                                    ,    3.7, (922)  , Oil & Gas | Pune +36 other locations                                              , Work Life Balance
Test Yantra Software Solutions                                                  ,    3.0, (921)  , IT Services & Consulting | Bengaluru +19 other locations                          , "Promotions, Job Security, Salary"
Netscribes                                                                      ,    2.7, (920)  , Analytics & KPO | Kolkata +17 other locations                                     , "Promotions, Salary, Job Security"
Target                                                                          ,    4.0, (920)  , Retail | Bengaluru +18 other locations                                            , "Work Life Balance, Company Culture, Job Security"
SKH Metals                                                                      ,    4.0, (919)  , Auto Components | Gurugram +27 other locations                                    , "Company Culture, Work Life Balance, Skill Development"
Sundaram Clayton                                                                ,    3.9, (919)  , Auto Components | Chennai +30 other locations                                     , "Skill Development, Salary"
Experis IT                                                                      ,    3.0, (918)  , Recruitment | Bengaluru +34 other locations                                       , "Promotions, Job Security, Skill Development"
OCS Group                                                                       ,    4.1, (917)  , Facility Management Services | Mumbai +57 other locations                         , "Company Culture, Work Life Balance, Work Satisfaction"
Nirma                                                                           ,    4.2, (916)  , FMCG | Bhavnagar +67 other locations                                              , "Job Security, Work Life Balance, Work Satisfaction"
Re Sustainability Limited                                                       ,    3.8, (917)  , Waste Management | Hyderabad +84 other locations                                  , "Job Security, Work Life Balance"
Aviva Life Insurance India                                                      ,    3.5, (915)  , Insurance | Gurugram +123 other locations                                         , "Job Security, Promotions, Company Culture"
Deepak Fertilisers and Petrochemicals                                           ,    4.0, (915)  , Chemicals | Mumbai +58 other locations                                            , "Job Security, Work Life Balance, Work Satisfaction"
Steag Energy Services                                                           ,    4.3, (914)  , Power | Jharsuguda +65 other locations                                            , "Job Security, Work Life Balance, Company Culture"
Nityo Infotech                                                                  ,    3.3, (914)  , IT Services & Consulting | Bengaluru +32 other locations                          , "Job Security, Promotions, Skill Development"
HomeLane                                                                        ,    3.3, (912)  , Architecture & Interior Design | Bengaluru +36 other locations                    , "Job Security, Promotions, Work Life Balance"
Neel Metal Products                                                             ,    4.0, (911)  , Auto Components | Gurugram +38 other locations                                    , "Job Security, Skill Development, Work Life Balance"
Simplilearn                                                                     ,    3.9, (909)  , EdTech | Bengaluru +10 other locations                                            , Company Culture
Ashirvad Pipes                                                                  ,    3.8, (908)  , Building Material | Bengaluru +109 other locations                                , Salary
Alok Industries                                                                 ,    3.5, (908)  , Fashion & Textile | Dadra & Nagar Haveli +34 other locations                      , "Promotions, Salary, Company Culture"
HT Media                                                                        ,    3.1, (906)  , Media & Entertainment | New Delhi +44 other locations                             , "Promotions, Work Satisfaction, Skill Development"
Michelin                                                                        ,    3.7, (905)  , Auto Components | Pune +46 other locations                                        , "Work Life Balance, Company Culture, Job Security"
Yashoda Hospitals                                                               ,    3.9, (905)  , Healthcare | Hyderabad +30 other locations                                        , "Promotions, Salary"
Greenlam Industries                                                             ,    4.1, (904)  , Furniture & Furnishing | New Delhi +119 other locations                           , "Work Life Balance, Job Security, Salary"
Bosch Chassis Systems                                                           ,    4.1, (903)  , Auto Components | Pune +25 other locations                                        , "Company Culture, Work Life Balance, Work Satisfaction"
MAS Financial Services Ltd                                                      ,    3.6, (903)  , NBFC | Ahmedabad +145 other locations                                             , "Promotions, Work Satisfaction, Job Security"
Egis India Consulting Engineers                                                 ,    4.2, (903)  , Engineering & Construction | Gurugram +111 other locations                        , "Work Life Balance, Company Culture, Work Satisfaction"
Wakefit                                                                         ,    3.9, (903)  , Furniture & Furnishing | Bengaluru +58 other locations                            , "Salary, Work Life Balance, Skill Development"
Musashi Auto Parts                                                              ,    3.8, (901)  , Auto Components | Bengaluru +27 other locations                                   , Promotions
Vijay Sales                                                                     ,    4.1, (899)  , Retail | Mumbai +51 other locations                                               , "Job Security, Salary, Company Culture"
M3M India                                                                       ,    4.1, (899)  , Real Estate | Gurugram +11 other locations                                        , "Salary, Work Life Balance, Company Culture"
Zudio                                                                           ,    3.9, (899)  , Retail | New Delhi +141 other locations                                           , "Job Security, Skill Development, Salary"
Orient Electric                                                                 ,    3.7, (897)  , Consumer Electronics & Appliances | New Delhi +89 other locations                 , "Promotions, Job Security"
Vedanta Resources                                                               ,    3.7, (896)  , Metals & Mining | Jharsuguda +72 other locations                                  , "Salary, Job Security"
Sona Comstar                                                                    ,    4.0, (896)  , Auto Components | Gurugram +26 other locations                                    , "Company Culture, Work Life Balance, Job Security"
Volkswagen                                                                      ,    4.1, (894)  , Automobile | Pune +102 other locations                                            , "Work Life Balance, Company Culture, Job Security"
Updater Services                                                                ,    3.7, (891)  , Facility Management Services | Chennai +100 other locations                       , "Promotions, Company Culture, Work Satisfaction"
ACL Digital                                                                     ,    3.6, (890)  , IT Services & Consulting | Bengaluru +28 other locations                          , "Promotions, Job Security, Skill Development"
Carborundum Universal Limited                                                   ,    3.7, (889)  , Industrial Machinery | Chennai +132 other locations                               , "Promotions, Work Satisfaction"
TNQ Tech Private Limited                                                        ,    3.5, (889)  , Printing & Publishing | Chennai +14 other locations                               , "Promotions, Salary, Work Satisfaction"
AJIO                                                                            ,    3.6, (886)  , Internet | Bengaluru +199 other locations                                         , "Promotions, Company Culture, Work Satisfaction"
Marks & Spencer                                                                 ,    3.9, (885)  , Retail | New Delhi +61 other locations                                            , "Job Security, Work Life Balance"
Ageas Federal Life Insurance                                                    ,    3.5, (884)  , Insurance | Mumbai +125 other locations                                           , "Promotions, Work Satisfaction, Job Security"
BGR Energy Systems                                                              ,    3.9, (884)  , Engineering & Construction | Chennai +53 other locations                          , Work Life Balance
H&M                                                                             ,    3.8, (884)  , Fashion & Textile | Bengaluru +57 other locations                                 , "Work Life Balance, Company Culture, Job Security"
RAMTeCH Software Solutions                                                      ,    3.7, (885)  , IT Services & Consulting | Hyderabad +35 other locations                          , Job Security
Satya MicroCapital                                                              ,    3.7, (884)  , NBFC | New Delhi +190 other locations                                             , Salary
Centum Electronics                                                              ,    3.5, (882)  , Electronics Manufacturing | Bengaluru +18 other locations                         , "Promotions, Salary, Company Culture"
Tata Chemicals                                                                  ,    3.9, (882)  , Chemicals | Jamnagar +84 other locations                                          , "Job Security, Work Life Balance, Company Culture"
Nibav Lifts                                                                     ,    4.0, (881)  , Industrial Machinery | Chennai +41 other locations                                , "Salary, Work Life Balance, Work Satisfaction"
Ups Logistics                                                                   ,    3.6, (881)  , Logistics | Pune +38 other locations                                              , "Promotions, Skill Development, Work Satisfaction"
Truhome Finance                                                                 ,    3.6, (880)  , Financial Services | Mumbai +162 other locations                                  , Salary
Acme Cleantech Solutions                                                        ,    4.0, (879)  , Power | Gurugram +102 other locations                                             , "Salary, Work Life Balance"
WSP                                                                             ,    4.2, (878)  , Management Consulting | Bengaluru +32 other locations                             , "Work Life Balance, Company Culture, Job Security"
Epsilon                                                                         ,    3.6, (877)  , Marketing & Advertising | Bengaluru +16 other locations                           , "Company Culture, Work Life Balance"
Apar Industries                                                                 ,    4.1, (876)  , Semiconductors | Mumbai +71 other locations                                       , "Work Life Balance, Job Security, Salary"
Nlb Services                                                                    ,    3.6, (875)  , Recruitment | Noida +20 other locations                                           , "Promotions, Job Security, Work Satisfaction"
Magna International                                                             ,    3.8, (876)  , Auto Components | Pune +22 other locations                                        , Work Life Balance
Wipro PARI                                                                      ,    3.3, (876)  , Industrial Automation | Pune +27 other locations                                  , "Promotions, Company Culture, Work Life Balance"
Silaris Informations                                                            ,    3.0, (875)  , BPO | New Delhi +22 other locations                                               , "Promotions, Salary, Company Culture"
Tata Starbucks                                                                  ,    4.1, (874)  , Hospitality | Mumbai +59 other locations                                          , "Job Security, Company Culture, Work Life Balance"
IDEMIA                                                                          ,    3.8, (875)  , Electronics Manufacturing | Noida +54 other locations                             , Work Life Balance
Shilpa Medicare                                                                 ,    3.4, (873)  , Pharma | Hyderabad +30 other locations                                            , "Company Culture, Job Security, Work Satisfaction"
Torry Harris Integration Solutions                                              ,    4.1, (873)  , IT Services & Consulting | Bengaluru +10 other locations                          , "Work Life Balance, Skill Development"
Athena BPO                                                                      ,    3.3, (872)  , BPO | Mumbai +38 other locations                                                  , "Promotions, Salary, Work Satisfaction"
Parag Milk Foods                                                                ,    3.9, (872)  , Food Processing | Mumbai +90 other locations                                      , "Work Life Balance, Company Culture, Skill Development"
Alorica                                                                         ,    3.0, (873)  , BPO | Bengaluru +16 other locations                                               , "Promotions, Company Culture, Skill Development"
Future Focus Infotech                                                           ,    3.3, (871)  , IT Services & Consulting | Bengaluru +58 other locations                          , "Promotions, Job Security, Skill Development"
C.R.I. Pumps                                                                    ,    3.9, (870)  , Industrial Machinery | Coimbatore +70 other locations                             , Promotions
Ather Energy                                                                    ,    4.1, (870)  , Automobile | Bengaluru +72 other locations                                        , "Company Culture, Work Life Balance, Skill Development"
Next Education India                                                            ,    3.2, (870)  , EdTech | Hyderabad +95 other locations                                            , "Promotions, Job Security, Work Life Balance"
Panacea Biotec                                                                  ,    3.5, (870)  , Biotechnology | Baddi +74 other locations                                         , "Promotions, Job Security, Work Satisfaction"
India Shelter Finance Corporation                                               ,    3.8, (869)  , NBFC | Gurugram +185 other locations                                              , Skill Development
Fedbank Financial Services                                                      ,    4.0, (868)  , NBFC | Mumbai +165 other locations                                                , "Work Life Balance, Salary, Company Culture"
MOURI Tech                                                                      ,    3.6, (867)  , IT Services & Consulting | Hyderabad +10 other locations                          , "Promotions, Job Security, Salary"
Parekh Integrated Services                                                      ,    4.0, (865)  , Logistics | Mumbai +75 other locations                                            , "Work Life Balance, Job Security, Company Culture"
National Health Mission                                                         ,    3.5, (865)  , Healthcare | Guwahati +281 other locations                                        , "Promotions, Salary, Job Security"
Rohan Builders                                                                  ,    4.1, (865)  , Real Estate | Pune +67 other locations                                            , "Job Security, Skill Development, Salary"
Nexdigm                                                                         ,    3.7, (863)  , Management Consulting | Pune +13 other locations                                  , "Promotions, Salary"
Precision Infomatic M Pvt Ltd                                                   ,    3.8, (861)  , IT Services & Consulting | Chennai +90 other locations                            , Job Security
LEAD School                                                                     ,    3.2, (860)  , EdTech | Mumbai +103 other locations                                              , "Job Security, Promotions, Company Culture"
Porter                                                                          ,    3.5, (858)  , Internet | Bengaluru +32 other locations                                          , "Promotions, Job Security, Skill Development"
Patel Infrastructure Limited                                                    ,    4.3, (858)  , Engineering & Construction | Vadodara +60 other locations                         , "Company Culture, Work Life Balance, Work Satisfaction"
Tata Power Solar                                                                ,    4.1, (857)  , Power | Bengaluru +90 other locations                                             , "Job Security, Skill Development, Company Culture"
UKG                                                                             ,    2.9, (858)  , Software Product | Noida +12 other locations                                      , "Job Security, Promotions, Work Satisfaction"
Tata Hitachi Construction Machinery                                             ,    4.0, (859)  , Industrial Machinery | Kharagpur +76 other locations                              , "Job Security, Work Life Balance, Company Culture"
Bechtel                                                                         ,    3.9, (857)  , Engineering & Construction | Gurugram +31 other locations                         , "Salary, Company Culture, Work Life Balance"
Metso                                                                           ,    4.1, (857)  , Metals & Mining | Alwar +48 other locations                                       , "Work Life Balance, Company Culture, Job Security"
Rico Auto Industries                                                            ,    3.8, (856)  , Auto Components | Gurugram +32 other locations                                    , Promotions
Shaktiman Tirth Agro Technology                                                 ,    3.9, (856)  , Industrial Machinery | Rajkot +67 other locations                                 , Job Security
Casagrand                                                                       ,    3.8, (855)  , Real Estate | Chennai +19 other locations                                         , Job Security
Impact Infotech Pvt. Ltd.                                                       ,    3.4, (855)  , IT Services & Consulting | Mumbai +76 other locations                             , "Promotions, Job Security, Salary"
Swaraj Tractors                                                                 ,    4.0, (854)  , Automobile | Sahibzada Ajit Singh Nagar +107 other locations                      , "Company Culture, Job Security, Work Life Balance"
enGen Global                                                                    ,    3.9, (856)  , IT Services & Consulting | Chennai +6 other locations                             , "Work Life Balance, Company Culture"
KGISL                                                                           ,    3.0, (854)  , IT Services & Consulting | Coimbatore +21 other locations                         , "Promotions, Salary, Skill Development"
Clarivate                                                                       ,    3.7, (850)  , Analytics & KPO | Bengaluru +17 other locations                                   , "Work Life Balance, Company Culture"
Jaya Hind Industries                                                            ,    3.7, (850)  , Auto Components | Pune +37 other locations                                        , "Promotions, Job Security"
Victora Auto Private Limited                                                    ,    4.0, (851)  , Auto Components | Faridabad +31 other locations                                   , "Work Life Balance, Job Security, Skill Development"
Shivalik Small Finance Bank                                                     ,    4.2, (847)  , Banking | Noida +42 other locations                                               , "Skill Development, Company Culture, Work Life Balance"
Mahindra First Choice                                                           ,    3.8, (847)  , Internet | Mumbai +118 other locations                                            , Work Life Balance
Union Bank of India                                                             ,    3.8, (847)  , Banking | Mumbai +151 other locations                                             , Job Security
AuthBridge Research Services                                                    ,    3.2, (846)  , IT Services & Consulting | Gurugram +21 other locations                           , "Promotions, Job Security, Skill Development"
Royal Sundaram General Insurance                                                ,    3.7, (846)  , Insurance | Chennai +107 other locations                                          , Work Life Balance
Serco                                                                           ,    4.2, (844)  , Analytics & KPO | Mumbai +41 other locations                                      , "Work Satisfaction, Company Culture, Skill Development"
Sutherland Healthcare Solutions                                                 ,    3.7, (845)  , Analytics & KPO | Hyderabad +14 other locations                                   , Job Security
Guardian India                                                                  ,    3.8, (844)  , Insurance | Chennai +14 other locations                                           , "Company Culture, Work Life Balance, Job Security"
Sanden Vikas                                                                    ,    4.0, (844)  , Auto Components | Faridabad +33 other locations                                   , "Company Culture, Work Life Balance, Job Security"
Mahindra Tractors                                                               ,    4.1, (842)  , Automobile | Nagpur +125 other locations                                          , "Skill Development, Company Culture, Work Life Balance"
IBS Software Services                                                           ,    3.5, (842)  , Software Product | Kochi +19 other locations                                      , Job Security
Fareportal                                                                      ,    3.0, (841)  , Travel & Tourism | Gurugram +14 other locations                                   , "Promotions, Job Security, Company Culture"
Duck Creek Technologies                                                         ,    4.5, (840)  , Software Product | Mumbai +9 other locations                                      , "Company Culture, Work Life Balance, Work Satisfaction"
HP India                                                                        ,    3.8, (839)  , Consumer Electronics & Appliances | Bengaluru +63 other locations                 , Work Life Balance
Rockwell Automation                                                             ,    3.7, (838)  , Industrial Automation | Pune +22 other locations                                  , Work Life Balance
Eris Lifesciences                                                               ,    3.6, (838)  , Pharma | Ahmedabad +92 other locations                                            , "Company Culture, Work Life Balance, Work Satisfaction"
Bank of India                                                                   ,    3.9, (837)  , Banking | Mumbai +184 other locations                                             , "Job Security, Company Culture, Salary"
Greaves Cotton                                                                  ,    4.0, (836)  , Travel & Tourism | Chhatrapati Sambhajinagar +50 other locations                  , "Work Life Balance, Company Culture"
Luxoft                                                                          ,    3.6, (835)  , IT Services & Consulting | Bengaluru +22 other locations                          , Work Life Balance
FIITJEE                                                                         ,    3.2, (834)  , Education & Training | New Delhi +47 other locations                              , "Promotions, Salary, Skill Development"
Encore Capital Group                                                            ,    3.9, (834)  , Financial Services | Gurugram +8 other locations                                  , "Company Culture, Work Life Balance"
Arvind Lifestyle Brands                                                         ,    4.0, (834)  , Fashion & Textile | Bengaluru +86 other locations                                 , "Company Culture, Work Life Balance, Work Satisfaction"
Lumen Technologies                                                              ,    3.9, (833)  , Hardware & Networking | Bengaluru +14 other locations                             , "Work Life Balance, Job Security, Company Culture"
Medusind Solutions                                                              ,    3.4, (833)  , IT Services & Consulting | Chennai +11 other locations                            , "Promotions, Skill Development, Salary"
Baxter International                                                            ,    3.8, (834)  , Healthcare | Bengaluru +33 other locations                                        , "Work Life Balance, Salary"
BDO                                                                             ,    3.2, (832)  , Accounting & Auditing | Mumbai +34 other locations                                , "Promotions, Salary, Company Culture"
eTeam                                                                           ,    3.2, (830)  , Recruitment | Bengaluru +21 other locations                                       , "Promotions, Job Security, Company Culture"
Ford Business Solutions                                                         ,    4.0, (830)  , IT Services & Consulting | Chennai +51 other locations                            , "Company Culture, Work Life Balance, Work Satisfaction"
Consolidated Contractors                                                        ,    4.3, (830)  , Engineering & Construction | Mumbai +55 other locations                           , "Skill Development, Work Satisfaction, Job Security"
Teamware Solutions                                                              ,    4.2, (829)  , Recruitment | Hyderabad +24 other locations                                       , "Work Life Balance, Company Culture, Work Satisfaction"
Artech Infosystems                                                              ,    3.3, (829)  , Recruitment | Bengaluru +21 other locations                                       , "Promotions, Job Security, Skill Development"
Feedback Infrastructure Services                                                ,    3.4, (829)  , Engineering & Construction | Gurugram +128 other locations                        , "Promotions, Job Security, Salary"
RR kabel                                                                        ,    4.1, (828)  , Electrical Equipment | Vadodara +117 other locations                              , "Work Life Balance, Job Security, Company Culture"
Five-Star Business Finance                                                      ,    4.1, (828)  , NBFC | Chennai +249 other locations                                               , "Job Security, Work Life Balance, Company Culture"
Integra Software Services                                                       ,    3.7, (827)  , IT Services & Consulting | Puducherry +19 other locations                         , Job Security
Zydus Healthcare                                                                ,    4.0, (827)  , Pharma | Mumbai +108 other locations                                              , "Salary, Company Culture, Skill Development"
Freshworks                                                                      ,    3.3, (826)  , Software Product | Chennai +46 other locations                                    , "Job Security, Promotions, Work Satisfaction"
Ramco Systems                                                                   ,    3.7, (825)  , Software Product | Chennai +28 other locations                                    , Job Security
Poly Medicure                                                                   ,    3.5, (825)  , Medical Equipment | Faridabad +46 other locations                                 , "Job Security, Company Culture, Promotions"
Rodic Consultants                                                               ,    4.2, (826)  , Engineering & Construction | New Delhi +134 other locations                       , "Work Life Balance, Company Culture, Work Satisfaction"
Rashmi Group                                                                    ,    3.5, (824)  , Iron & Steel | Kharagpur +31 other locations                                      , "Company Culture, Promotions, Work Satisfaction"
Y-Axis Overseas Careers                                                         ,    4.1, (824)  , Other | Hyderabad +17 other locations                                             , "Work Life Balance, Skill Development, Company Culture"
Principal Global Services                                                       ,    3.6, (823)  , Insurance | Pune +11 other locations                                              , "Job Security, Work Life Balance"
Bpo Convergence                                                                 ,    3.4, (822)  , BPO | Hyderabad +36 other locations                                               , "Promotions, Salary, Company Culture"
Syneos Health                                                                   ,    3.6, (822)  , Clinical Research | Gurugram +17 other locations                                  , "Promotions, Skill Development, Job Security"
DBG Technology                                                                  ,    3.7, (821)  , Electronics Manufacturing | Rewari +25 other locations                            , "Promotions, Company Culture, Work Satisfaction"
K Raheja Corp                                                                   ,    4.2, (821)  , Hospitality | Mumbai +16 other locations                                          , "Work Life Balance, Company Culture, Job Security"
Sunbeam Auto                                                                    ,    3.9, (820)  , Auto Components | Gurugram +30 other locations                                    , "Work Life Balance, Work Satisfaction, Skill Development"
Linde India                                                                     ,    3.9, (820)  , Chemicals | Vadodara +57 other locations                                          , "Company Culture, Work Life Balance, Job Security"
Advik Hi Tech                                                                   ,    3.8, (819)  , Auto Components | Pune +30 other locations                                        , Skill Development
Waaree Energies                                                                 ,    4.0, (819)  , Power | Surat +54 other locations                                                 , "Salary, Job Security, Work Life Balance"
Punj Lloyd                                                                      ,    3.9, (817)  , Engineering & Construction | Gurugram +70 other locations                         , "Work Life Balance, Company Culture, Work Satisfaction"
Prama Hikvision India                                                           ,    3.5, (817)  , Electronics Manufacturing | Mumbai +56 other locations                            , "Promotions, Company Culture, Work Satisfaction"
Vastu Housing Finance                                                           ,    4.2, (816)  , NBFC | Mumbai +174 other locations                                                , "Work Life Balance, Company Culture, Skill Development"
Huhtamaki                                                                       ,    4.0, (815)  , Packaging | Mumbai +44 other locations                                            , "Work Life Balance, Skill Development, Company Culture"
Qinecsa Solutions                                                               ,    2.7, (814)  , Clinical Research | Mysuru +18 other locations                                    , "Job Security, Promotions, Company Culture"
Qualitest                                                                       ,    3.6, (814)  , IT Services & Consulting | Bengaluru +22 other locations                          , Work Life Balance
JK Paper                                                                        ,    3.8, (810)  , Pulp & Paper | Rayagada +52 other locations                                       , Job Security
Investors Clinic                                                                ,    3.6, (811)  , Real Estate | Noida +36 other locations                                           , "Promotions, Salary"
Praj Industries                                                                 ,    4.0, (812)  , Biotechnology | Pune +46 other locations                                          , "Company Culture, Work Life Balance, Job Security"
Bill Gosling Outsourcing India                                                  ,    3.5, (810)  , Gurugram +13 other locations                                                      , "Promotions, Salary, Job Security"
Vijaya Diagnostic Centre                                                        ,    3.8, (809)  , Healthcare | Hyderabad +40 other locations                                        , Skill Development
Ascendion                                                                       ,    3.2, (808)  , IT Services & Consulting | Bengaluru +16 other locations                          , "Promotions, Job Security, Work Satisfaction"
Fluor Corporation                                                               ,    4.1, (805)  , Engineering & Construction | Gurugram +24 other locations                         , "Work Life Balance, Salary, Company Culture"
Aequs                                                                           ,    3.4, (805)  , Defence & Aerospace | Belagavi +13 other locations                                , "Promotions, Job Security, Company Culture"
Ugro Capital                                                                    ,    3.7, (806)  , NBFC | Mumbai +170 other locations                                                , Salary
Dineshchandra R. Agrawal Infracon                                               ,    4.0, (807)  , Engineering & Construction | Ahmedabad +83 other locations                        , "Job Security, Salary, Work Life Balance"
Reliance BP Mobility                                                            ,    3.6, (804)  , Oil & Gas | Mumbai +105 other locations                                           , Job Security
Universal Sompo General Insurance                                               ,    4.3, (804)  , Insurance | Mumbai +126 other locations                                           , "Work Life Balance, Company Culture, Job Security"
Credence Resource Management                                                    ,    3.0, (804)  , BPO | Pune +9 other locations                                                     , "Promotions, Company Culture, Skill Development"
RenewBuy                                                                        ,    3.3, (804)  , Internet | Gurugram +108 other locations                                          , "Job Security, Promotions, Work Satisfaction"
Border Security Force                                                           ,    4.4, (802)  , Law Enforcement & Security | New Delhi +112 other locations                       , "Job Security, Salary, Company Culture"
Amber Enterprises India                                                         ,    3.9, (802)  , Electronics Manufacturing | Gurugram +44 other locations                          , Skill Development
Ramkrishna Forgings                                                             ,    3.4, (801)  , Auto Components | Jamshedpur +28 other locations                                  , "Promotions, Company Culture, Work Satisfaction"
THE LEELA PALACES HOTELS & RESORTS                                              ,    4.0, (801)  , Hospitality | New Delhi +34 other locations                                       , "Job Security, Skill Development, Company Culture"
PUMA                                                                            ,    4.1, (801)  , Fashion & Textile | Bengaluru +100 other locations                                , "Company Culture, Skill Development, Work Life Balance"
Eveready Industries                                                             ,    3.9, (802)  , Consumer Electronics & Appliances | Kolkata +111 other locations                  , "Salary, Company Culture, Work Life Balance"
Prince Pipes & Fittings                                                         ,    4.2, (801)  , Building Material | Mumbai +87 other locations                                    , "Salary, Company Culture, Work Life Balance"
Chennai Radha Engineering Works                                                 ,    3.9, (800)  , Engineering & Construction | Chennai +58 other locations                          , "Job Security, Skill Development, Work Life Balance"
Zidio Development                                                               ,    4.4, (799)  , IT Services & Consulting | Bengaluru +35 other locations                          , "Skill Development, Company Culture, Work Life Balance"
IFFCO                                                                           ,    4.1, (799)  , Agro Chemicals | New Delhi +119 other locations                                   , "Salary, Work Life Balance, Job Security"
Engineers India                                                                 ,    4.2, (800)  , Engineering & Construction | New Delhi +84 other locations                        , "Work Life Balance, Company Culture, Work Satisfaction"
Novac Technology Solutions                                                      ,    3.5, (798)  , Software Product | Chennai +24 other locations                                    , Job Security
Rallis India                                                                    ,    4.0, (797)  , Agro Chemicals | Ankleshwar +121 other locations                                  , "Job Security, Work Life Balance, Company Culture"
Radical Minds                                                                   ,    2.9, (798)  , BPO | Gurugram +13 other locations                                                , "Promotions, Job Security, Salary"
Zuventus Healthcare                                                             ,    3.9, (797)  , Pharma | Mumbai +101 other locations                                              , Salary
AISIN                                                                           ,    4.1, (797)  , Auto Components | Rohtak +27 other locations                                      , "Work Life Balance, Company Culture, Job Security"
Intex Technologies                                                              ,    3.6, (796)  , Consumer Electronics & Appliances | New Delhi +77 other locations                 , "Promotions, Job Security, Company Culture"
Somany Ceramics                                                                 ,    4.2, (797)  , Building Material | New Delhi +87 other locations                                 , "Work Life Balance, Job Security, Company Culture"
Hitachi                                                                         ,    3.9, (795)  , Industrial Machinery | Bengaluru +89 other locations                              , "Company Culture, Work Life Balance, Job Security"
Wipro Consumer Care & Lighting                                                  ,    3.7, (794)  , FMCG | Bengaluru +118 other locations                                             , "Promotions, Work Satisfaction, Salary"
Careernet                                                                       ,    3.5, (793)  , Recruitment | Bengaluru +24 other locations                                       , "Promotions, Work Satisfaction, Skill Development"
Action Construction Equipment                                                   ,    3.7, (793)  , Industrial Machinery | Faridabad +60 other locations                              , "Promotions, Job Security, Skill Development"
Maveric Systems                                                                 ,    3.3, (793)  , IT Services & Consulting | Chennai +11 other locations                            , "Promotions, Salary, Work Satisfaction"
Franklin Templeton Investments                                                  ,    3.8, (793)  , Financial Services | Hyderabad +33 other locations                                , "Work Life Balance, Company Culture"
Nippon Koei India                                                               ,    4.7, (792)  , Engineering & Construction | New Delhi +70 other locations                        , "Company Culture, Work Life Balance, Work Satisfaction"
Ask Automotive                                                                  ,    4.2, (792)  , Auto Components | Gurugram +29 other locations                                    , "Job Security, Work Life Balance, Company Culture"
Jai Balaji Group                                                                ,    3.2, (791)  , Iron & Steel | Durgapur +41 other locations                                       , "Promotions, Salary, Company Culture"
Denave                                                                          ,    3.4, (791)  , Marketing & Advertising | Noida +71 other locations                               , "Promotions, Job Security, Skill Development"
Petpooja                                                                        ,    3.9, (792)  , Software Product | Ahmedabad +77 other locations                                  , "Company Culture, Work Life Balance, Skill Development"
Microtek International                                                          ,    3.7, (791)  , Consumer Electronics & Appliances | New Delhi +119 other locations                , "Promotions, Company Culture, Salary"
Indo Autotech                                                                   ,    3.9, (790)  , Auto Components | Faridabad +34 other locations                                   , "Salary, Skill Development"
Hilti                                                                           ,    3.4, (789)  , Industrial Machinery | Gurugram +48 other locations                               , "Promotions, Work Satisfaction, Salary"
Cigniti Technologies                                                            ,    3.8, (788)  , IT Services & Consulting | Hyderabad +9 other locations                           , Promotions
NTT                                                                             ,    3.9, (787)  , IT Services & Consulting | Mumbai +43 other locations                             , "Work Life Balance, Job Security, Skill Development"
Travel Food Services Ltd                                                        ,    4.1, (787)  , Hospitality | Mumbai +36 other locations                                          , "Job Security, Work Life Balance, Company Culture"
Axtria                                                                          ,    2.8, (785)  , Software Product | Gurugram +8 other locations                                    , "Work Satisfaction, Company Culture, Promotions"
Progressive Infotech                                                            ,    3.3, (784)  , IT Services & Consulting | Noida +68 other locations                              , "Promotions, Salary, Company Culture"
Toyo Engineering                                                                ,    4.0, (785)  , Engineering & Construction | Mumbai +46 other locations                           , "Job Security, Salary"
Edubridge Learning                                                              ,    3.9, (784)  , EdTech | Mumbai +63 other locations                                               , "Skill Development, Company Culture, Work Life Balance"
Allied Digital Services                                                         ,    3.1, (783)  , IT Services & Consulting | Mumbai +58 other locations                             , "Promotions, Skill Development, Work Satisfaction"
First Advantage                                                                 ,    3.4, (783)  , Recruitment | Bengaluru +12 other locations                                       , "Promotions, Skill Development, Work Satisfaction"
Pratap Technocrats                                                              ,    3.7, (783)  , Telecom | Pune +121 other locations                                               , "Promotions, Salary"
People Tech Group                                                               ,    2.3, (781)  , IT Services & Consulting | Hyderabad +13 other locations                          , "Job Security, Promotions, Salary"
Creative Synergies Group                                                        ,    3.9, (781)  , IT Services & Consulting | Bengaluru +9 other locations                           , "Work Life Balance, Salary, Company Culture"
JM Financial                                                                    ,    3.8, (781)  , Financial Services | Mumbai +73 other locations                                   , Work Life Balance
Skill Lync                                                                      ,    3.1, (780)  , EdTech | Chennai +17 other locations                                              , "Job Security, Promotions, Work Satisfaction"
Hitachi Digital Services                                                        ,    3.4, (781)  , IT Services & Consulting | Hyderabad +16 other locations                          , "Promotions, Work Satisfaction, Skill Development"
Lea Associates South Asia                                                       ,    4.3, (780)  , Engineering & Construction | New Delhi +142 other locations                       , "Work Life Balance, Company Culture, Work Satisfaction"
Forever Living Products                                                         ,    4.2, (779)  , Fitness & Wellness | Mumbai +95 other locations                                   , "Company Culture, Skill Development, Job Security"
Ksb Pumps                                                                       ,    3.7, (779)  , Industrial Machinery | Pune +39 other locations                                   , Job Security
Fleetguard Filters Private Limited                                              ,    4.3, (778)  , Auto Components | Pune +86 other locations                                        , "Company Culture, Work Life Balance, Job Security"
Wapcos                                                                          ,    3.2, (777)  , Engineering & Construction | New Delhi +151 other locations                       , "Promotions, Job Security, Salary"
Reliance Smart                                                                  ,    4.1, (778)  , Retail | Hyderabad +251 other locations                                           , "Job Security, Company Culture, Skill Development"
Lenovo                                                                          ,    4.0, (776)  , Consumer Electronics & Appliances | Bengaluru +83 other locations                 , "Work Life Balance, Company Culture, Work Satisfaction"
Bses Rajdhani Power                                                             ,    3.8, (775)  , Power | New Delhi +22 other locations                                             , "Job Security, Work Life Balance"
Forvia Hella                                                                    ,    3.8, (775)  , Auto Components | Pune +32 other locations                                        , Work Life Balance
Neurealm                                                                        ,    3.4, (775)  , IT Services & Consulting | Chennai +18 other locations                            , "Promotions, Job Security, Work Satisfaction"
Fidelity International                                                          ,    3.6, (776)  , Financial Services | Gurugram +14 other locations                                 , "Promotions, Work Satisfaction, Job Security"
Bunge India                                                                     ,    3.9, (774)  , Food Processing | Sahibzada Ajit Singh Nagar +71 other locations                  , "Work Life Balance, Job Security, Salary"
ManipalCigna Health Insurance                                                   ,    3.7, (774)  , Insurance | Mumbai +135 other locations                                           , Promotions
Wabtec                                                                          ,    3.9, (773)  , Auto Components | Bengaluru +32 other locations                                   , "Work Life Balance, Job Security"
JioStar                                                                         ,    3.5, (774)  , Media & Entertainment | Mumbai +42 other locations                                , "Promotions, Job Security, Work Satisfaction"
Central Industrial Security Force                                               ,    4.3, (772)  , Law Enforcement & Security | New Delhi +89 other locations                        , "Job Security, Salary, Skill Development"
Amadeus                                                                         ,    3.7, (772)  , Software Product | Bengaluru +14 other locations                                  , "Work Life Balance, Job Security"
Quatrro Business Support Services                                               ,    3.3, (772)  , Recruitment | Gurugram +14 other locations                                        , "Promotions, Skill Development, Salary"
Creambell                                                                       ,    3.9, (771)  , Hospitality | New Delhi +105 other locations                                      , "Salary, Work Life Balance"
Alivus Life Sciences                                                            ,    3.8, (771)  , Pharma | Ankleshwar +22 other locations                                           , Job Security
VA Tech Wabag                                                                   ,    3.8, (771)  , Waste Management | Chennai +54 other locations                                    , Job Security
BNP Paribas India Solutions                                                     ,    3.6, (769)  , IT Services & Consulting | Mumbai +10 other locations                             , Job Security
Celebal Technologies                                                            ,    3.0, (768)  , IT Services & Consulting | Jaipur +24 other locations                             , "Job Security, Promotions, Company Culture"
Times Internet                                                                  ,    3.5, (766)  , Internet | Noida +24 other locations                                              , "Promotions, Skill Development, Work Satisfaction"
Assystem                                                                        ,    3.3, (766)  , Engineering & Construction | Chennai +68 other locations                          , "Promotions, Company Culture, Job Security"
Orion Edutech                                                                   ,    3.3, (764)  , EdTech | Kolkata +115 other locations                                             , "Promotions, Salary, Job Security"
Aurigo Software Technologies                                                    ,    4.6, (764)  , Software Product | Bengaluru +6 other locations                                   , "Company Culture, Work Life Balance, Salary"
Padget Electronics                                                              ,    3.7, (764)  , Electronics Manufacturing | Noida +17 other locations                             , Promotions
Protiviti                                                                       ,    3.0, (764)  , Management Consulting | Gurugram +28 other locations                              , "Work Satisfaction, Promotions, Company Culture"
National Informatics Centre                                                     ,    3.9, (763)  , Government | New Delhi +77 other locations                                        , Work Life Balance
Wipro Infrastructure Engineering                                                ,    3.7, (762)  , Industrial Machinery | Bengaluru +37 other locations                              , "Promotions, Salary, Company Culture"
Zee Entertainment Enterprises                                                   ,    3.4, (762)  , Media & Entertainment | Mumbai +35 other locations                                , "Promotions, Job Security, Work Satisfaction"
CMS Computers Limited (INDIA)                                                   ,    3.7, (761)  , IT Services & Consulting | New Delhi +78 other locations                          , "Promotions, Salary, Skill Development"
McDermott International                                                         ,    4.2, (762)  , Engineering & Construction | Chennai +33 other locations                          , "Company Culture, Work Life Balance, Salary"
HSBC Software Development                                                       ,    4.1, (761)  , Software Product | Pune +8 other locations                                        , "Work Life Balance, Company Culture, Skill Development"
TO THE NEW                                                                      ,    3.6, (760)  , IT Services & Consulting | Noida +20 other locations                              , "Promotions, Work Satisfaction, Salary"
Exicom                                                                          ,    4.0, (759)  , Semiconductors | Gurugram +31 other locations                                     , "Work Life Balance, Company Culture, Job Security"
Better.com                                                                      ,    3.0, (758)  , Financial Services | Gurugram +9 other locations                                  , Salary
Steel Authority Of India                                                        ,    4.1, (758)  , Iron & Steel | Bokaro +54 other locations                                         , "Job Security, Work Life Balance, Company Culture"
Sharda Motor Industries                                                         ,    3.7, (758)  , Auto Components | Chennai +27 other locations                                     , Promotions
India Japan Lighting                                                            ,    4.1, (757)  , Auto Components | Chennai +29 other locations                                     , "Company Culture, Job Security, Work Life Balance"
Veradigm                                                                        ,    3.7, (757)  , Software Product | Pune +9 other locations                                        , Work Life Balance
Ameriprise Financial                                                            ,    3.7, (757)  , Financial Services | Gurugram +11 other locations                                 , "Work Life Balance, Job Security"
Mindsprint                                                                      ,    3.5, (757)  , IT Services & Consulting | Chennai +10 other locations                            , "Promotions, Work Satisfaction, Company Culture"
Brane Enterprises                                                               ,    2.1, (757)  , Software Product | Hyderabad +12 other locations                                  , "Job Security, Company Culture, Work Satisfaction"
Vaaman Engineers                                                                ,    3.7, (758)  , Engineering & Construction | Jharsuguda +46 other locations                       , Promotions
UnitedLex                                                                       ,    2.6, (757)  , Analytics & KPO | New Delhi +13 other locations                                   , "Promotions, Job Security, Skill Development"
Samsung E&A                                                                     ,    4.0, (756)  , Engineering & Construction | Noida +47 other locations                            , "Salary, Work Life Balance, Job Security"
Neuland Laboratories                                                            ,    4.0, (757)  , Pharma | Hyderabad +7 other locations                                             , "Company Culture, Work Life Balance"
Finolex Cables                                                                  ,    3.7, (754)  , Electrical Equipment | Pune +76 other locations                                   , Job Security
BCD Travel                                                                      ,    4.3, (754)  , Travel & Tourism | Bengaluru +11 other locations                                  , "Job Security, Company Culture, Work Life Balance"
Eastman Auto and Power Limited                                                  ,    3.9, (754)  , Electronics Manufacturing | Gurugram +72 other locations                          , "Salary, Company Culture, Work Life Balance"
Transrail Lighting                                                              ,    3.9, (754)  , Engineering & Construction | Mumbai +99 other locations                           , "Job Security, Salary, Work Life Balance"
Dunzo                                                                           ,    3.5, (753)  , Internet | Bengaluru +21 other locations                                          , "Job Security, Promotions, Skill Development"
Religare                                                                        ,    3.6, (752)  , Financial Services | New Delhi +98 other locations                                , "Promotions, Skill Development, Salary"
LifeCell International                                                          ,    3.3, (752)  , Biotechnology | Chennai +76 other locations                                       , "Job Security, Promotions, Company Culture"
Mott MacDonald                                                                  ,    4.0, (751)  , Management Consulting | Mumbai +49 other locations                                , "Work Life Balance, Company Culture, Salary"
CADD Centre Training Services                                                   ,    3.9, (751)  , Education & Training | Chennai +132 other locations                               , Skill Development
ESL Steel                                                                       ,    3.8, (750)  , Iron & Steel | Bokaro +25 other locations                                         , Skill Development
Hapag-Lloyd                                                                     ,    3.8, (750)  , Ports & Shipping | Chennai +16 other locations                                    , "Company Culture, Job Security, Work Life Balance"
1 India Family Mart                                                             ,    4.6, (750)  , Retail | New Delhi +98 other locations                                            , "Company Culture, Work Life Balance, Work Satisfaction"
RITES                                                                           ,    3.9, (750)  , Engineering & Construction | Gurugram +90 other locations                         , "Work Life Balance, Skill Development"
Integreon                                                                       ,    3.2, (750)  , BPO | Mumbai +12 other locations                                                  , "Promotions, Work Satisfaction, Salary"
India Cements                                                                   ,    3.8, (749)  , Building Material | Chennai +93 other locations                                   , "Work Life Balance, Job Security"
Livguard                                                                        ,    3.9, (749)  , Electronics Manufacturing | Gurugram +86 other locations                          , Promotions
Bitwise Solutions                                                               ,    3.6, (749)  , IT Services & Consulting | Pune +9 other locations                                , "Promotions, Job Security, Salary"
Writer Information Management Services                                          ,    3.1, (750)  , BPO | Mumbai +70 other locations                                                  , "Promotions, Salary, Work Satisfaction"
Greenply                                                                        ,    3.8, (747)  , Building Material | Kolkata +97 other locations                                   , Salary
EMERSON PROCESS MANAGEMENT                                                      ,    4.1, (747)  , Industrial Automation | Pune +31 other locations                                  , "Company Culture, Work Life Balance, Job Security"
Stellantis                                                                      ,    3.4, (747)  , Automobile | Chennai +17 other locations                                          , "Promotions, Work Satisfaction, Job Security"
Smollan Group                                                                   ,    3.9, (748)  , Marketing & Advertising | Mumbai +144 other locations                             , "Company Culture, Work Life Balance"
Sterling Tools                                                                  ,    4.5, (747)  , Auto Components | Faridabad +16 other locations                                   , "Company Culture, Work Life Balance, Work Satisfaction"
Primus Global Technologies                                                      ,    3.7, (747)  , IT Services & Consulting | Bengaluru +27 other locations                          , "Promotions, Job Security, Skill Development"
Google Operations Center                                                        ,    3.5, (746)  , BPO | Hyderabad +14 other locations                                               , Work Life Balance
Isuzu Motors                                                                    ,    4.2, (746)  , Automobile | Chennai +39 other locations                                          , "Company Culture, Job Security, Work Life Balance"
Volkswagen Group Digital Solutions [India]                                      ,    3.9, (744)  , IT Services & Consulting | Pune +15 other locations                               , "Work Life Balance, Job Security, Company Culture"
Care Hospital                                                                   ,    4.1, (745)  , Healthcare | Hyderabad +43 other locations                                        , "Skill Development, Company Culture, Work Life Balance"
Boeing                                                                          ,    3.8, (743)  , Aviation | Bengaluru +13 other locations                                          , Work Life Balance
SLK Global Services                                                             ,    4.0, (740)  , BPO | Bengaluru +9 other locations                                                , "Company Culture, Job Security, Skill Development"
Electrosteel Casting                                                            ,    3.6, (741)  , Building Material | Kolkata +30 other locations                                   , Job Security
ASG Eye Hospital                                                                ,    3.4, (740)  , Healthcare | Jaipur +77 other locations                                           , "Promotions, Company Culture, Work Satisfaction"
Galfar                                                                          ,    3.9, (739)  , Engineering & Construction | Muscat +39 other locations                           , "Work Life Balance, Job Security, Skill Development"
LG Soft India                                                                   ,    2.7, (739)  , IT Services & Consulting | Bengaluru +15 other locations                          , "Promotions, Work Satisfaction, Company Culture"
Galfar                                                                          ,    3.9, (739)  , Engineering & Construction | Muscat +39 other locations                           , "Work Life Balance, Job Security, Skill Development"
Rackspace                                                                       ,    3.7, (739)  , IT Services & Consulting | Gurugram +15 other locations                           , "Work Life Balance, Company Culture, Salary"
Deepak Nitrite                                                                  ,    3.9, (739)  , Chemicals | Vadodara +20 other locations                                          , "Job Security, Work Life Balance"
Sun Life Financial                                                              ,    3.8, (738)  , Financial Services | Gurugram +12 other locations                                 , "Job Security, Work Life Balance, Company Culture"
OLX India                                                                       ,    3.7, (737)  , Internet | Gurugram +57 other locations                                           , Salary
Mswipe Technologies                                                             ,    3.2, (738)  , FinTech | Mumbai +97 other locations                                              , "Promotions, Job Security, Company Culture"
Eugia Pharma Specialities                                                       ,    4.0, (738)  , Pharma | Hyderabad +18 other locations                                            , "Job Security, Salary, Work Life Balance"
B. G. Shirke Construction Technology                                            ,    4.2, (736)  , Engineering & Construction | Pune +26 other locations                             , "Job Security, Company Culture, Work Life Balance"
Evision Technoserve                                                             ,    4.8, (738)  , IT Services & Consulting | Pune +44 other locations                               , "Company Culture, Work Life Balance, Work Satisfaction"
Trianz                                                                          ,    3.6, (736)  , IT Services & Consulting | Hyderabad +9 other locations                           , "Job Security, Promotions"
Delta Electronics                                                               ,    3.8, (735)  , Electronics Manufacturing | Bengaluru +45 other locations                         , "Job Security, Work Life Balance"
The Akshaya Patra Foundation                                                    ,    4.4, (734)  , Non-Profit | Bengaluru +68 other locations                                        , "Company Culture, Work Life Balance, Work Satisfaction"
GirnarSoft                                                                      ,    3.6, (733)  , IT Services & Consulting | Gurugram +53 other locations                           , "Promotions, Job Security, Skill Development"
BDO India LLP                                                                   ,    3.2, (732)  , Accounting & Auditing | Mumbai +36 other locations                                , "Promotions, Company Culture, Work Satisfaction"
McKinsey & Company                                                              ,    3.8, (735)  , Management Consulting | Gurugram +25 other locations                              , Company Culture
Sterlite Power                                                                  ,    4.1, (733)  , Power | New Delhi +84 other locations                                             , "Salary, Company Culture, Work Life Balance"
Indusind Marketing & Financial Services                                         ,    3.7, (731)  , Financial Services | Chennai +274 other locations                                 , "Promotions, Salary"
V-Trans                                                                         ,    3.8, (732)  , Logistics | Mumbai +93 other locations                                            , Job Security
JSW Energy                                                                      ,    4.1, (730)  , Power | Mumbai +79 other locations                                                , "Job Security, Salary, Work Life Balance"
JSW Energy                                                                      ,    4.1, (730)  , Power | Mumbai +79 other locations                                                , "Job Security, Salary, Work Life Balance"
Mitsubishi Electric India                                                       ,    4.2, (728)  , Electronics Manufacturing | Pune +52 other locations                              , "Work Life Balance, Company Culture, Job Security"
Home First Finance Company India                                                ,    3.5, (728)  , NBFC | Mumbai +105 other locations                                                , Salary
Expleo Solutions                                                                ,    3.5, (727)  , IT Services & Consulting | Chennai +15 other locations                            , "Promotions, Job Security, Salary"
Turtlemint                                                                      ,    3.7, (727)  , Internet | Mumbai +116 other locations                                            , "Promotions, Job Security"
R.V.R. PROJECTS                                                                 ,    3.9, (729)  , Engineering & Construction | Hyderabad +68 other locations                        , Salary
Adidas                                                                          ,    3.9, (726)  , Fashion & Textile | Gurugram +69 other locations                                  , "Salary, Work Life Balance"
Koch Business Solutions                                                         ,    3.1, (726)  , IT Services & Consulting | Bengaluru +11 other locations                          , "Job Security, Promotions, Work Satisfaction"
Vertex Customer Solutions                                                       ,    3.5, (725)  , IT Services & Consulting | Chennai +33 other locations                            , "Salary, Work Satisfaction, Promotions"
Lavender Technology                                                             ,    4.9, (724)  , IT Services & Consulting | Bengaluru +8 other locations                           , "Company Culture, Promotions, Skill Development"
Molex                                                                           ,    3.9, (724)  , Electronics Manufacturing | Bengaluru +17 other locations                         , "Company Culture, Work Life Balance"
AI Airport Services                                                             ,    3.3, (725)  , Aviation | Mumbai +60 other locations                                             , "Promotions, Company Culture, Work Satisfaction"
TDK India Private Limited                                                       ,    3.9, (723)  , Semiconductors | Nashik +26 other locations                                       , "Work Life Balance, Job Security, Skill Development"
Nvidia                                                                          ,    3.5, (721)  , Hardware & Networking | Pune +18 other locations                                  , "Promotions, Work Satisfaction, Skill Development"
Tavant Technologies                                                             ,    3.8, (721)  , IT Services & Consulting | Bengaluru +13 other locations                          , "Work Life Balance, Company Culture"
Bristlecone                                                                     ,    3.6, (722)  , IT Services & Consulting | Bengaluru +14 other locations                          , Work Life Balance
Bikanervala                                                                     ,    3.8, (720)  , FMCG | New Delhi +70 other locations                                              , Promotions
Razorpay                                                                        ,    3.4, (720)  , FinTech | Bengaluru +27 other locations                                           , "Promotions, Work Satisfaction, Job Security"
Genus Power Infrastructures                                                     ,    3.9, (722)  , Electronics Manufacturing | Jaipur +88 other locations                            , "Job Security, Work Life Balance, Skill Development"
DuPont                                                                          ,    4.2, (720)  , Waste Management | Hyderabad +46 other locations                                  , "Company Culture, Work Life Balance, Job Security"
URC Construction                                                                ,    3.6, (719)  , Engineering & Construction | Chennai +52 other locations                          , "Promotions, Company Culture, Work Life Balance"
Kissht Finance                                                                  ,    4.0, (720)  , FinTech | Mumbai +96 other locations                                              , "Work Life Balance, Salary, Company Culture"
bp                                                                              ,    3.7, (719)  , Oil & Gas | Pune +15 other locations                                              , "Work Life Balance, Salary"
Rentokil Pest Control                                                           ,    3.5, (718)  , Facility Management Services | Mumbai +111 other locations                        , "Promotions, Work Satisfaction, Salary"
Shalby Hospitals                                                                ,    4.2, (718)  , Healthcare | Ahmedabad +23 other locations                                        , "Skill Development, Company Culture, Work Life Balance"
Tredence                                                                        ,    3.3, (717)  , IT Services & Consulting | Bengaluru +9 other locations                           , "Work Life Balance, Promotions, Work Satisfaction"
NecLife                                                                         ,    3.6, (716)  , Pharma | Chandigarh +30 other locations                                           , Job Security
BSH Home Appliances Group                                                       ,    3.8, (716)  , Consumer Electronics & Appliances | Bengaluru +60 other locations                 , Work Life Balance
ReSource Pro                                                                    ,    3.7, (716)  , BPO | Bengaluru +9 other locations                                                , "Work Satisfaction, Promotions"
ffreedom app                                                                    ,    3.5, (715)  , Internet | Bengaluru +25 other locations                                          , "Job Security, Work Satisfaction, Promotions"
Thriveni Earthmovers                                                            ,    3.9, (715)  , Metals & Mining | Jamshedpur +47 other locations                                  , "Job Security, Skill Development, Salary"
Medreich                                                                        ,    3.9, (714)  , Pharma | Bengaluru +15 other locations                                            , Job Security
Bahwan CyberTek                                                                 ,    3.4, (715)  , IT Services & Consulting | Chennai +21 other locations                            , "Promotions, Job Security, Company Culture"
Biba Apparels                                                                   ,    3.5, (714)  , Fashion & Textile | New Delhi +97 other locations                                 , "Promotions, Company Culture, Work Satisfaction"
Cotiviti                                                                        ,    3.5, (713)  , Analytics & KPO | Hyderabad +10 other locations                                   , "Promotions, Work Satisfaction, Skill Development"
KreditBee                                                                       ,    3.5, (712)  , FinTech | Bengaluru +27 other locations                                           , "Promotions, Work Satisfaction, Skill Development"
Goodyear                                                                        ,    3.4, (711)  , Auto Components | Chhatrapati Sambhajinagar +66 other locations                   , "Promotions, Company Culture, Work Satisfaction"
uFaber                                                                          ,    2.2, (711)  , Education & Training | Mumbai +24 other locations                                 , "Promotions, Job Security, Salary"
Gartner                                                                         ,    3.8, (711)  , Management Consulting | Gurugram +18 other locations                              , "Work Life Balance, Company Culture"
Apple                                                                           ,    4.3, (710)  , Consumer Electronics & Appliances | Bengaluru +107 other locations                , "Company Culture, Skill Development, Salary"
Infor Global Solution                                                           ,    3.9, (709)  , Software Product | Hyderabad +9 other locations                                   , "Work Life Balance, Job Security, Company Culture"
XcelServ Solutions                                                              ,    4.4, (708)  , IT Services & Consulting | New Delhi +33 other locations                          , "Company Culture, Work Life Balance, Work Satisfaction"
Diebold Nixdorf                                                                 ,    3.6, (709)  , Software Product | Hyderabad +45 other locations                                  , "Promotions, Skill Development, Work Satisfaction"
Raychem RPG                                                                     ,    3.7, (707)  , Electrical Equipment | Mumbai +34 other locations                                 , "Promotions, Work Satisfaction, Job Security"
Lovely Professional University                                                  ,    3.3, (706)  , Education & Training | Jalandhar +29 other locations                              , "Promotions, Work Life Balance, Work Satisfaction"
Visteon                                                                         ,    3.1, (706)  , Auto Components | Chennai +21 other locations                                     , "Work Life Balance, Company Culture, Promotions"
Amrit Cement                                                                    ,    3.9, (705)  , Building Material | Guwahati +50 other locations                                  , "Work Life Balance, Skill Development"
Central Bank of India                                                           ,    4.0, (704)  , Banking | Mumbai +210 other locations                                             , "Skill Development, Company Culture, Work Life Balance"
Wow Momo Foods                                                                  ,    4.1, (704)  , Hospitality | Kolkata +66 other locations                                         , "Job Security, Company Culture, Skill Development"
PrimEra Medical Technologies                                                    ,    3.5, (704)  , IT Services & Consulting | Hyderabad +14 other locations                          , "Promotions, Company Culture, Work Satisfaction"
Moglix                                                                          ,    3.3, (704)  , Internet | Noida +39 other locations                                              , "Job Security, Promotions, Company Culture"
Ness Digital Engineering                                                        ,    3.2, (703)  , IT Services & Consulting | Bengaluru +11 other locations                          , "Job Security, Promotions, Work Satisfaction"
Wolters Kluwer                                                                  ,    3.8, (702)  , Software Product | Pune +16 other locations                                       , "Work Life Balance, Job Security"
Ramky Infrastructure                                                            ,    4.2, (702)  , Engineering & Construction | Hyderabad +51 other locations                        , "Job Security, Salary, Company Culture"
Joyalukkas                                                                      ,    4.6, (703)  , Retail | Bengaluru +76 other locations                                            , "Job Security, Salary, Company Culture"
Patel Engineering                                                               ,    4.1, (702)  , Engineering & Construction | Mumbai +71 other locations                           , "Job Security, Company Culture, Work Life Balance"
Mynd Solutions Private                                                          ,    3.7, (701)  , BPO | Gurugram +33 other locations                                                , "Promotions, Salary"
Jubilant Ingrevia                                                               ,    3.8, (700)  , Chemicals | Bharuch +33 other locations                                           , "Promotions, Skill Development"
HRH Next Services                                                               ,    3.0, (700)  , BPO | Hyderabad +23 other locations                                               , "Salary, Promotions, Company Culture"
Vindhya Telelinks                                                               ,    4.0, (699)  , Hardware & Networking | Lucknow +96 other locations                               , "Salary, Work Life Balance"
Progressive Infovision                                                          ,    3.8, (698)  , Recruitment | New Delhi +79 other locations                                       , Work Life Balance
TTK Prestige                                                                    ,    3.8, (697)  , Consumer Electronics & Appliances | Bengaluru +83 other locations                 , Job Security
Radico Khaitan                                                                  ,    4.0, (697)  , Beverage | Rampur +81 other locations                                             , "Job Security, Company Culture, Work Life Balance"
CtrlS                                                                           ,    3.7, (697)  , IT Services & Consulting | Hyderabad +17 other locations                          , Salary
Technotask Business Solutions                                                   ,    3.5, (697)  , BPO | Bhopal +21 other locations                                                  , "Promotions, Salary, Job Security"
Nephroplus                                                                      ,    3.8, (696)  , Healthcare | Hyderabad +113 other locations                                       , Skill Development
TCNS Clothing Company                                                           ,    4.1, (696)  , Fashion & Textile | New Delhi +110 other locations                                , "Skill Development, Company Culture, Work Life Balance"
IHG                                                                             ,    3.5, (696)  , Hospitality | New Delhi +46 other locations                                       , "Promotions, Skill Development, Salary"
Kaar Tech                                                                       ,    4.3, (696)  , IT Services & Consulting | Chennai +12 other locations                            , "Skill Development, Job Security, Company Culture"
LEAP India Limited                                                              ,    4.6, (696)  , Packaging | Mumbai +48 other locations                                            , "Salary, Company Culture, Work Life Balance"
Csc E Governance Services                                                       ,    3.8, (695)  , Government | New Delhi +202 other locations                                       , "Promotions, Salary, Company Culture"
Asb International                                                               ,    3.6, (695)  , Industrial Machinery | Mumbai +23 other locations                                 , Job Security
Transsion                                                                       ,    4.0, (695)  , Consumer Electronics & Appliances | Noida +65 other locations                     , "Work Life Balance, Company Culture, Work Satisfaction"
Sykes Business Services Of India                                                ,    3.4, (695)  , BPO | Hyderabad +15 other locations                                               , "Promotions, Salary, Company Culture"
Writer Corporation                                                              ,    3.4, (694)  , Logistics | Mumbai +83 other locations                                            , "Promotions, Salary, Work Satisfaction"
Wuerth                                                                          ,    3.5, (695)  , Industrial Machinery | Pune +66 other locations                                   , "Promotions, Work Satisfaction, Skill Development"
Dodla Dairy                                                                     ,    4.2, (694)  , Food Processing | Hyderabad +73 other locations                                   , "Job Security, Company Culture, Work Life Balance"
North East Small Finance Bank                                                   ,    3.5, (694)  , Banking | Guwahati +92 other locations                                            , "Promotions, Job Security, Company Culture"
Samunnati                                                                       ,    4.5, (694)  , NBFC | Chennai +61 other locations                                                , "Company Culture, Work Life Balance, Work Satisfaction"
Lohia Corp                                                                      ,    4.0, (693)  , Industrial Machinery | Kanpur +21 other locations                                 , "Job Security, Skill Development, Company Culture"
Bharat Serums and Vaccines                                                      ,    4.0, (693)  , Pharma | Mumbai +66 other locations                                               , "Company Culture, Work Life Balance"
Micro Turners                                                                   ,    3.8, (693)  , Auto Components | Baddi +43 other locations                                       , Skill Development
HSBC Bank                                                                       ,    4.0, (693)  , Banking | Hyderabad +37 other locations                                           , "Company Culture, Work Life Balance, Job Security"
Leverage Edu                                                                    ,    4.0, (692)  , EdTech | Noida +22 other locations                                                , "Salary, Company Culture, Work Satisfaction"
TransUnion                                                                      ,    3.6, (692)  , Financial Services | Chennai +10 other locations                                  , "Promotions, Job Security, Skill Development"
Vizag Steel                                                                     ,    3.9, (693)  , Iron & Steel | Visakhapatnam +29 other locations                                  , "Work Life Balance, Job Security, Work Satisfaction"
Nomura Holdings                                                                 ,    3.6, (691)  , Investment Banking / Venture Capital / Private Equity | Mumbai +11 other locations, Job Security
PPG Asian Paints                                                                ,    3.8, (691)  , Chemicals | Mumbai +60 other locations                                            , "Job Security, Salary"
BDO RISE Private Limited                                                        ,    3.6, (691)  , Accounting & Auditing | Bengaluru +9 other locations                              , "Promotions, Salary, Work Satisfaction"
Flash Electronics                                                               ,    3.5, (691)  , Electronics Manufacturing | Pune +22 other locations                              , "Promotions, Salary, Work Satisfaction"
Capco Technologies                                                              ,    3.8, (690)  , IT Services & Consulting | Bengaluru +18 other locations                          , "Work Life Balance, Company Culture"
Titan Eye Plus                                                                  ,    4.1, (689)  , Other | Kolkata +132 other locations                                              , "Skill Development, Company Culture, Work Life Balance"
NSB Bpo Solutions                                                               ,    2.8, (689)  , BPO | Noida +83 other locations                                                   , "Promotions, Salary, Job Security"
Emami Agrotech                                                                  ,    3.9, (689)  , Food Processing | Kolkata +67 other locations                                     , "Work Life Balance, Job Security"
Keventer                                                                        ,    3.8, (689)  , FMCG | Kolkata +65 other locations                                                , Work Life Balance
Bisk Farm                                                                       ,    4.0, (688)  , Food Processing | Kolkata +139 other locations                                    , "Company Culture, Work Life Balance, Job Security"
Elite Elevators                                                                 ,    4.2, (689)  , Industrial Machinery | Chennai +41 other locations                                , "Salary, Company Culture, Work Life Balance"
ChannelPlay                                                                     ,    3.8, (688)  , Marketing & Advertising | Gurugram +93 other locations                            , Work Life Balance
Autoliv                                                                         ,    3.9, (687)  , Auto Components | Bengaluru +23 other locations                                   , "Job Security, Company Culture, Salary"
YOKOGAWA                                                                        ,    3.8, (687)  , Industrial Automation | Bengaluru +26 other locations                             , Job Security
Blue Yonder                                                                     ,    3.6, (686)  , Software Product | Bengaluru +14 other locations                                  , "Promotions, Work Satisfaction, Skill Development"
Quislex Legal Services                                                          ,    4.1, (687)  , Legal | Hyderabad +11 other locations                                             , "Company Culture, Work Life Balance, Work Satisfaction"
Teamlease Digital                                                               ,    3.3, (686)  , Recruitment | Bengaluru +68 other locations                                       , "Promotions, Job Security, Skill Development"
Neeyamo Enterprise Solutions                                                    ,    3.5, (686)  , Madurai +10 other locations                                                       , Job Security
SG Analytics                                                                    ,    2.5, (686)  , Analytics & KPO | Pune +12 other locations                                        , "Promotions, Work Satisfaction, Job Security"
VRL Logistics                                                                   ,    3.8, (686)  , Logistics | Bengaluru +119 other locations                                        , "Promotions, Job Security, Skill Development"
Caparo Engineering India                                                        ,    4.0, (686)  , Auto Components | Chennai +34 other locations                                     , "Skill Development, Work Life Balance, Work Satisfaction"
Orient Technologies                                                             ,    3.7, (686)  , IT Services & Consulting | Mumbai +50 other locations                             , "Promotions, Salary"
Cohesity                                                                        ,    3.9, (685)  , Software Product | Pune +47 other locations                                       , "Work Life Balance, Company Culture, Salary"
Embibe                                                                          ,    3.4, (684)  , EdTech | Bengaluru +19 other locations                                            , "Job Security, Promotions, Company Culture"
BASF                                                                            ,    4.2, (684)  , Chemicals | Mumbai +97 other locations                                            , "Work Life Balance, Company Culture, Skill Development"
Kurlon                                                                          ,    4.3, (684)  , Furniture & Furnishing | Bengaluru +88 other locations                            , "Work Life Balance, Company Culture, Work Satisfaction"
Bridgestone - Global Capability Center                                          ,    4.0, (684)  , Auto Components | Pune +61 other locations                                        , "Work Life Balance, Company Culture, Job Security"
Orient Cement                                                                   ,    4.4, (684)  , Building Material | Hyderabad +71 other locations                                 , "Company Culture, Work Life Balance, Work Satisfaction"
Rane NSK Steering Systems                                                       ,    4.0, (683)  , Auto Components | Chennai +26 other locations                                     , "Skill Development, Company Culture"
Surya Roshni                                                                    ,    4.1, (683)  , Building Material | New Delhi +75 other locations                                 , "Work Life Balance, Job Security, Company Culture"
TVS Electronics                                                                 ,    3.7, (683)  , Electronics Manufacturing | Chennai +72 other locations                           , Work Life Balance
Medtronic                                                                       ,    3.9, (684)  , Medical Equipment | Hyderabad +46 other locations                                 , "Salary, Company Culture, Work Life Balance"
Bayer Crop Science Vegetable Seeds                                              ,    4.2, (684)  , Bengaluru +140 other locations                                                    , "Company Culture, Work Life Balance, Work Satisfaction"
Toppr                                                                           ,    3.4, (682)  , EdTech | Mumbai +42 other locations                                               , "Job Security, Promotions, Work Life Balance"
Testbook.com                                                                    ,    3.4, (683)  , EdTech | Noida +30 other locations                                                , "Job Security, Promotions, Work Life Balance"
Doosan Power Systems                                                            ,    4.3, (681)  , Power | Gurugram +31 other locations                                              , "Company Culture, Work Life Balance, Work Satisfaction"
Livpure                                                                         ,    3.8, (681)  , Consumer Electronics & Appliances | Gurugram +82 other locations                  , Promotions
Wissen Infotech                                                                 ,    3.6, (681)  , IT Services & Consulting | Bengaluru +15 other locations                          , "Job Security, Promotions, Work Satisfaction"
Office Beacon                                                                   ,    4.6, (681)  , BPO | Vadodara +20 other locations                                                , "Company Culture, Job Security, Skill Development"
Tejas Networks                                                                  ,    3.8, (680)  , Hardware & Networking | Bengaluru +36 other locations                             , Promotions
Lionbridge Technologies                                                         ,    3.5, (679)  , Content Development | Mumbai +14 other locations                                  , Work Life Balance
Wissen Technology                                                               ,    3.8, (680)  , IT Services & Consulting | Bengaluru +9 other locations                           , "Work Life Balance, Skill Development"
R.S. Infraprojects                                                              ,    4.0, (678)  , Engineering & Construction | Noida +99 other locations                            , "Job Security, Work Life Balance, Company Culture"
Solv                                                                            ,    3.5, (678)  , Internet | Bengaluru +142 other locations                                         , "Job Security, Work Satisfaction, Promotions"
CJ Darcl Logistics Limited                                                      ,    4.0, (678)  , Logistics | Gurugram +84 other locations                                          , "Work Life Balance, Job Security, Company Culture"
MPS Limited                                                                     ,    3.5, (678)  , Content Development | Dehradun +24 other locations                                , "Promotions, Salary, Skill Development"
Dhanuka Agritech                                                                ,    3.7, (677)  , Agro Chemicals | Gurugram +110 other locations                                    , Promotions
InternEzy                                                                       ,    4.9, (676)  , EdTech | Chennai +6 other locations                                               , "Company Culture, Work Life Balance, Work Satisfaction"
BrightCHAMPS                                                                    ,    4.3, (676)  , EdTech | Bengaluru +28 other locations                                            , "Work Life Balance, Skill Development, Company Culture"
Mahindra Integrated Business Solutions                                          ,    3.4, (677)  , BPO | Mumbai +87 other locations                                                  , "Promotions, Job Security, Work Satisfaction"
PCBL Chemical Limited                                                           ,    3.9, (675)  , Petrochemicals | Vadodara +25 other locations                                     , "Salary, Job Security"
Triveni Engineering & Industries                                                ,    4.1, (675)  , Food Processing | Noida +57 other locations                                       , "Job Security, Work Life Balance, Salary"
Vasudha Pharma Chem                                                             ,    4.0, (675)  , Pharma | Visakhapatnam +9 other locations                                         , "Company Culture, Work Life Balance, Job Security"
Quess IT Staffing Solutions                                                     ,    3.2, (674)  , Bengaluru +55 other locations                                                     , "Promotions, Work Satisfaction, Job Security"
Corteva Agriscience                                                             ,    4.3, (673)  , Agro Chemicals | Hyderabad +107 other locations                                   , "Company Culture, Work Life Balance, Job Security"
Redington                                                                       ,    4.0, (673)  , Hardware & Networking | Chennai +48 other locations                               , "Job Security, Company Culture, Work Life Balance"
Housing.com                                                                     ,    3.5, (672)  , Internet | Gurugram +44 other locations                                           , Salary
Magic EdTech                                                                    ,    3.5, (672)  , EdTech | Noida +11 other locations                                                , "Promotions, Job Security, Salary"
HCL Healthcare                                                                  ,    4.6, (672)  , Healthcare | Noida +40 other locations                                            , "Company Culture, Work Life Balance, Work Satisfaction"
Osource Global                                                                  ,    3.5, (672)  , BPO | Mumbai +28 other locations                                                  , Job Security
ANAROCK Property Consultants                                                    ,    3.5, (671)  , Real Estate | Mumbai +31 other locations                                          , "Promotions, Job Security, Work Satisfaction"
Welspun World                                                                   ,    3.7, (672)  , Building Material | Anjar +53 other locations                                     , "Promotions, Job Security"
L&T Power                                                                       ,    3.9, (670)  , Power | Vadodara +98 other locations                                              , "Job Security, Skill Development"
Magic Bus India Foundation                                                      ,    3.9, (671)  , Non-Profit | Mumbai +79 other locations                                           , Skill Development
EPL Limited                                                                     ,    3.8, (669)  , Packaging | Mumbai +34 other locations                                            , "Job Security, Skill Development"
NextComm Corporation                                                            ,    4.8, (669)  , Software Product | Bengaluru +8 other locations                                   , "Work Life Balance, Company Culture, Work Satisfaction"
Snapdeal                                                                        ,    3.7, (668)  , Internet | Gurugram +31 other locations                                           , "Company Culture, Work Life Balance"
Saint Gobain Glass                                                              ,    3.9, (668)  , Building Material | Chennai +57 other locations                                   , "Job Security, Company Culture, Skill Development"
DAV Public School                                                               ,    3.9, (668)  , Education & Training | New Delhi +153 other locations                             , Skill Development
SMC Global Securities                                                           ,    3.5, (669)  , Financial Services | New Delhi +90 other locations                                , "Promotions, Work Satisfaction, Skill Development"
JoulestoWatts Business Solutions                                                ,    3.4, (668)  , IT Services & Consulting | Bengaluru +17 other locations                          , "Promotions, Company Culture, Job Security"
Government of India                                                             ,    4.2, (667)  , Government | New Delhi +158 other locations                                       , "Job Security, Work Life Balance, Work Satisfaction"
Ingram Micro                                                                    ,    3.6, (667)  , IT Services & Consulting | Mumbai +47 other locations                             , "Promotions, Work Satisfaction, Skill Development"
CSC                                                                             ,    3.5, (667)  , Financial Services | Bengaluru +24 other locations                                , "Work Life Balance, Job Security"
Future Supply Chain Solutions                                                   ,    4.4, (665)  , Logistics | Nagpur +70 other locations                                            , "Company Culture, Work Satisfaction, Skill Development"
Krsnaa Diagnostics                                                              ,    3.6, (666)  , Healthcare | Pune +98 other locations                                             , "Promotions, Salary, Job Security"
Indorama                                                                        ,    3.9, (665)  , Agro Chemicals | Haldia +46 other locations                                       , "Job Security, Work Life Balance"
Optimum Infosystem                                                              ,    3.2, (665)  , IT Services & Consulting | Chennai +16 other locations                            , "Job Security, Promotions, Skill Development"
Revolut                                                                         ,    2.6, (666)  , FinTech | Bengaluru +17 other locations                                           , "Job Security, Company Culture, Work Satisfaction"
Omaxe                                                                           ,    4.2, (663)  , Real Estate | New Delhi +24 other locations                                       , "Work Life Balance, Salary, Company Culture"
DeHaat                                                                          ,    3.5, (662)  , Internet | Gurugram +117 other locations                                          , "Job Security, Promotions, Company Culture"
Narayana e-Techno School                                                        ,    3.6, (662)  , Education & Training | Bengaluru +104 other locations                             , "Promotions, Company Culture, Work Life Balance"
Licious                                                                         ,    3.6, (662)  , Hospitality | Bengaluru +38 other locations                                       , "Promotions, Job Security, Salary"
TCI Express                                                                     ,    3.9, (661)  , Logistics | Gurugram +77 other locations                                          , "Job Security, Work Life Balance, Skill Development"
Kutumbh Care                                                                    ,    4.0, (660)  , Recruitment | Noida +161 other locations                                          , "Work Life Balance, Work Satisfaction, Salary"
Epicenter Technologies                                                          ,    3.4, (660)  , BPO | Mumbai +8 other locations                                                   , "Promotions, Salary, Work Satisfaction"
Centaur Pharmaceuticals                                                         ,    3.5, (660)  , Pharma | Pune +67 other locations                                                 , "Promotions, Company Culture, Work Satisfaction"
Impetus Technologies                                                            ,    3.3, (660)  , IT Services & Consulting | Indore +14 other locations                             , "Work Satisfaction, Promotions, Work Life Balance"
Quality Austria Central Asia                                                    ,    3.5, (660)  , Other | New Delhi +75 other locations                                             , "Promotions, Salary, Work Life Balance"
Sintex BAPL                                                                     ,    3.6, (661)  , Petrochemicals | Ahmedabad +71 other locations                                    , Salary
My Home Industries                                                              ,    4.1, (659)  , Building Material | Hyderabad +70 other locations                                 , "Work Life Balance, Company Culture, Job Security"
PeopleStrong                                                                    ,    3.3, (658)  , Recruitment | Gurugram +20 other locations                                        , "Promotions, Work Satisfaction, Salary"
Nihilent                                                                        ,    3.2, (658)  , IT Services & Consulting | Pune +8 other locations                                , "Promotions, Job Security, Company Culture"
Collegedunia                                                                    ,    3.3, (658)  , Internet | Gurugram +29 other locations                                           , "Job Security, Promotions, Company Culture"
Healthians                                                                      ,    4.0, (658)  , Internet | Gurugram +48 other locations                                           , "Work Life Balance, Work Satisfaction, Skill Development"
Grihum Housing Finance                                                          ,    3.6, (657)  , NBFC | Pune +151 other locations                                                  , Salary
BankBazaar                                                                      ,    3.2, (657)  , FinTech | Chennai +16 other locations                                             , "Promotions, Work Satisfaction, Skill Development"
Surin Automotive                                                                ,    3.9, (658)  , Industrial Machinery | Pune +22 other locations                                   , "Salary, Job Security, Skill Development"
Corporate Infotech                                                              ,    3.7, (656)  , IT Services & Consulting | New Delhi +54 other locations                          , "Promotions, Salary, Job Security"
Celebi Aviation Holding                                                         ,    4.0, (655)  , Aviation | New Delhi +19 other locations                                          , "Job Security, Skill Development, Company Culture"
Cogoport                                                                        ,    3.2, (655)  , Internet | Mumbai +13 other locations                                             , "Job Security, Company Culture, Work Satisfaction"
Careon Healthcare Solutions                                                     ,    3.9, (656)  , Medical Equipment | Bengaluru +14 other locations                                 , "Company Culture, Work Life Balance, Job Security"
Carrier                                                                         ,    3.7, (654)  , Industrial Machinery | Hyderabad +52 other locations                              , Work Life Balance
Marlabs                                                                         ,    3.5, (653)  , IT Services & Consulting | Bengaluru +12 other locations                          , "Promotions, Job Security, Salary"
Tata Power Delhi Distribution                                                   ,    3.8, (653)  , Power | New Delhi +31 other locations                                             , "Job Security, Work Life Balance"
TIAA Global Business Services                                                   ,    3.7, (653)  , Financial Services | Pune +9 other locations                                      , "Work Life Balance, Salary"
Qatar Airways                                                                   ,    3.5, (651)  , Aviation | Ahmedabad +29 other locations                                          , Salary
TDS Lithium-Ion Battery                                                         ,    4.2, (651)  , Auto Components | Ahmedabad +20 other locations                                   , "Company Culture, Work Life Balance, Skill Development"
Yatra                                                                           ,    3.3, (652)  , Travel & Tourism | Gurugram +20 other locations                                   , "Promotions, Work Satisfaction, Skill Development"
Inspirisys Solution                                                             ,    3.7, (651)  , IT Services & Consulting | Chennai +56 other locations                            , "Promotions, Salary"
NiCE                                                                            ,    3.6, (650)  , Software Product | Pune +15 other locations                                       , "Promotions, Work Satisfaction, Job Security"
National Stock Exchange of India                                                ,    3.5, (649)  , Financial Services | Mumbai +34 other locations                                   , Job Security
Hetero Healthcare                                                               ,    3.5, (650)  , Pharma | Hyderabad +83 other locations                                            , "Promotions, Salary, Company Culture"
ICA Edu Skills                                                                  ,    3.8, (649)  , Education & Training | Kolkata +120 other locations                               , "Work Life Balance, Skill Development"
RealPage                                                                        ,    3.6, (648)  , Software Product | Hyderabad +8 other locations                                   , "Promotions, Job Security, Work Satisfaction"
Sigma Engineered Solutions                                                      ,    3.9, (649)  , Industrial Machinery | Pune +16 other locations                                   , "Company Culture, Skill Development, Work Life Balance"
Times Group                                                                     ,    3.8, (647)  , Printing & Publishing | Mumbai +47 other locations                                , Work Life Balance
3M                                                                              ,    3.9, (647)  , Electronics Manufacturing | Bengaluru +54 other locations                         , "Company Culture, Work Life Balance, Salary"
Pennar Industries                                                               ,    3.5, (647)  , Engineering & Construction | Hyderabad +32 other locations                        , "Promotions, Salary, Company Culture"
Forbes Marshall                                                                 ,    3.9, (647)  , Industrial Machinery | Pune +24 other locations                                   , "Job Security, Company Culture, Work Life Balance"
Anudip Foundation                                                               ,    4.1, (647)  , Non-Profit | Kolkata +64 other locations                                          , "Work Life Balance, Skill Development, Salary"
Videocon d2h                                                                    ,    3.8, (645)  , Internet | New Delhi +118 other locations                                         , "Skill Development, Company Culture, Work Life Balance"
MAQ Software                                                                    ,    3.2, (645)  , IT Services & Consulting | Noida +10 other locations                              , "Company Culture, Work Life Balance, Work Satisfaction"
Fiat India Automobiles                                                          ,    3.6, (645)  , Automobile | Pune +23 other locations                                             , "Promotions, Company Culture, Work Life Balance"
Alshaya Group                                                                   ,    3.7, (645)  , Retail | Bengaluru +29 other locations                                            , "Promotions, Skill Development, Company Culture"
Vikram Solar                                                                    ,    3.6, (645)  , Power | Kolkata +42 other locations                                               , "Promotions, Company Culture, Work Satisfaction"
Talentpro                                                                       ,    3.8, (645)  , Recruitment | Chennai +127 other locations                                        , Promotions
Philips Innovation Campus                                                       ,    3.7, (644)  , Software Product | Bengaluru +20 other locations                                  , Work Life Balance
Gainwell Commosales                                                             ,    4.0, (644)  , Industrial Machinery | Kolkata +84 other locations                                , "Job Security, Company Culture, Skill Development"
Ramboll                                                                         ,    3.9, (644)  , Engineering & Construction | Gurugram +32 other locations                         , "Company Culture, Work Life Balance, Job Security"
FCC Clutch                                                                      ,    3.9, (645)  , Auto Components | Gurugram +26 other locations                                    , "Work Life Balance, Job Security"
Welspun Corp                                                                    ,    3.9, (644)  , Iron & Steel | Anjar +31 other locations                                          , Skill Development
Belstar Microfinance                                                            ,    4.0, (644)  , NBFC | Chennai +228 other locations                                               , "Company Culture, Work Life Balance, Work Satisfaction"
Finova Capital                                                                  ,    3.8, (643)  , NBFC | Jaipur +190 other locations                                                , Salary
Uno Mindarika                                                                   ,    4.0, (644)  , Auto Components | Gurugram +27 other locations                                    , "Job Security, Skill Development"
Suroj Buildcon                                                                  ,    4.0, (646)  , Engineering & Construction | Pune +50 other locations                             , "Company Culture, Job Security, Skill Development"
Danfoss Industries                                                              ,    3.9, (642)  , Industrial Machinery | Chennai +21 other locations                                , "Work Life Balance, Company Culture"
Sandvik Asia                                                                    ,    4.0, (641)  , Industrial Machinery | Pune +37 other locations                                   , "Work Life Balance, Job Security, Salary"
Kaizen IT Services                                                              ,    3.9, (641)  , IT Services & Consulting | Kolkata +94 other locations                            , "Work Life Balance, Company Culture"
Varthana                                                                        ,    4.0, (641)  , NBFC | Bengaluru +80 other locations                                              , "Work Life Balance, Company Culture, Salary"
Shriram Automall                                                                ,    4.1, (640)  , Internet | New Delhi +110 other locations                                         , "Company Culture, Work Life Balance, Job Security"
TVS Eurogrip                                                                    ,    3.7, (639)  , Auto Components | Madurai +84 other locations                                     , "Promotions, Job Security, Company Culture"
Ebixcash Global Services                                                        ,    3.2, (639)  , BPO | Mumbai +41 other locations                                                  , "Promotions, Salary, Job Security"
Chaitanya India Fin Credit                                                      ,    4.1, (639)  , NBFC | Bengaluru +179 other locations                                             , "Company Culture, Work Life Balance, Skill Development"
ExportersIndia                                                                  ,    4.9, (637)  , Internet | New Delhi +2 other locations                                           , "Company Culture, Work Life Balance, Work Satisfaction"
GKN                                                                             ,    3.8, (638)  , Defence & Aerospace | Pune +30 other locations                                    , Work Life Balance
NRB Bearings                                                                    ,    4.0, (638)  , Auto Components | Chhatrapati Sambhajinagar +21 other locations                   , "Work Life Balance, Job Security, Skill Development"
Global Healthcare Billing Partners                                              ,    3.3, (638)  , BPO | Chennai +15 other locations                                                 , "Company Culture, Promotions, Work Satisfaction"
Airports Authority of India                                                     ,    4.3, (638)  , Aviation | New Delhi +92 other locations                                          , "Work Life Balance, Work Satisfaction, Job Security"
Geojit Financial Services                                                       ,    3.3, (637)  , Financial Services | Kochi +142 other locations                                   , "Promotions, Work Satisfaction, Salary"
Mount Litera Zee School                                                         ,    3.7, (637)  , Education & Training | Bengaluru +127 other locations                             , "Promotions, Job Security, Salary"
Monte Carlo                                                                     ,    4.2, (637)  , Fashion & Textile | Ahmedabad +106 other locations                                , "Salary, Company Culture, Work Life Balance"
South Indian Bank                                                               ,    3.3, (636)  , Banking | Kochi +85 other locations                                               , "Salary, Job Security"
Khazana Jewellery                                                               ,    3.9, (636)  , Jewellery | Chennai +50 other locations                                           , "Skill Development, Salary"
Ferrero                                                                         ,    3.9, (636)  , Food Processing | Pune +104 other locations                                       , "Salary, Skill Development"
UKB Electronics Limited                                                         ,    3.5, (637)  , Electronics Manufacturing | Noida +24 other locations                             , "Company Culture, Work Satisfaction, Job Security"
The Lalit                                                                       ,    3.4, (636)  , Hospitality | New Delhi +32 other locations                                       , "Promotions, Job Security, Salary"
NoBrokerHood                                                                    ,    2.8, (636)  , Software Product | Bengaluru +33 other locations                                  , "Job Security, Work Satisfaction, Company Culture"
B.L. Kashyap & Sons                                                             ,    3.7, (636)  , Engineering & Construction | Bengaluru +25 other locations                        , Job Security
ACKO                                                                            ,    3.4, (635)  , Insurance | Bengaluru +14 other locations                                         , "Promotions, Work Satisfaction, Job Security"
Continental                                                                     ,    3.7, (634)  , Auto Components | Bengaluru +50 other locations                                   , Work Life Balance
SOLAR INDUSTRIES INDIA                                                          ,    3.7, (633)  , Defence & Aerospace | Nagpur +39 other locations                                  , Job Security
Me n Moms                                                                       ,    4.2, (633)  , Retail | Mumbai +66 other locations                                               , "Skill Development, Work Life Balance, Work Satisfaction"
Avalon Technologies                                                             ,    3.8, (634)  , Electronics Manufacturing | Chennai +17 other locations                           , "Job Security, Skill Development"
Electrotherm                                                                    ,    4.2, (633)  , Iron & Steel | Ahmedabad +41 other locations                                      , "Job Security, Work Life Balance, Company Culture"
Suraksha Diagnostic                                                             ,    3.7, (631)  , Healthcare | Kolkata +35 other locations                                          , "Promotions, Work Satisfaction, Salary"
Varun Motors                                                                    ,    3.8, (632)  , Automobile | Hyderabad +42 other locations                                        , Job Security
Manjushree Technopack                                                           ,    3.5, (631)  , Bengaluru +35 other locations                                                     , "Promotions, Company Culture, Work Satisfaction"
Data Entry                                                                      ,    4.2, (631)  , BPO | New Delhi +109 other locations                                              , "Company Culture, Work Life Balance, Work Satisfaction"
Kiya.ai                                                                         ,    3.9, (630)  , IT Services & Consulting | Mumbai +18 other locations                             , "Work Life Balance, Skill Development, Salary"
InsuranceDekho                                                                  ,    3.5, (631)  , Internet | Gurugram +86 other locations                                           , "Promotions, Job Security, Work Life Balance"
Turbo Energy                                                                    ,    4.1, (629)  , Auto Components | Chennai +25 other locations                                     , "Work Satisfaction, Skill Development, Company Culture"
Maharashtra Seamless                                                            ,    3.5, (629)  , Building Material | Mumbai +25 other locations                                    , Job Security
Annalect                                                                        ,    3.4, (629)  , Marketing & Advertising | Bengaluru +15 other locations                           , Work Life Balance
Reliance Jewels                                                                 ,    3.9, (629)  , Jewellery | Mumbai +131 other locations                                           , "Job Security, Skill Development, Company Culture"
Sl Lumax                                                                        ,    3.4, (628)  , Auto Components | Chennai +19 other locations                                     , "Work Life Balance, Promotions, Company Culture"
Sir H. N. Reliance Foundation Hospital and Research                             ,    4.2, (628)  , Healthcare | Mumbai +10 other locations                                           , "Job Security, Skill Development, Salary"
IDBI Intech Limited                                                             ,    3.2, (627)  , IT Services & Consulting | Mumbai +28 other locations                             , "Promotions, Salary, Company Culture"
Tecnimont                                                                       ,    3.8, (626)  , Engineering & Construction | Mumbai +29 other locations                           , "Job Security, Salary"
NetConnectGlobal                                                                ,    3.1, (626)  , IT Services & Consulting | Bengaluru +44 other locations                          , "Promotions, Job Security, Skill Development"
Myk Laticrete                                                                   ,    3.8, (626)  , Building Material | Hyderabad +89 other locations                                 , "Salary, Skill Development"
Sapphire Foods India                                                            ,    3.8, (626)  , Hospitality | Mumbai +66 other locations                                          , Skill Development
Serum Institute of India                                                        ,    4.1, (625)  , Biotechnology | Pune +26 other locations                                          , "Job Security, Salary, Work Life Balance"
Emids Technologies Limited                                                      ,    3.6, (625)  , IT Services & Consulting | Bengaluru +9 other locations                           , "Job Security, Promotions, Company Culture"
Suma Soft                                                                       ,    3.5, (625)  , IT Services & Consulting | Pune +11 other locations                               , "Promotions, Salary, Work Satisfaction"
Sasken                                                                          ,    3.6, (625)  , IT Services & Consulting | Bengaluru +12 other locations                          , "Promotions, Job Security, Work Satisfaction"
Crowne Plaza                                                                    ,    4.1, (624)  , Hospitality | New Delhi +36 other locations                                       , "Job Security, Company Culture, Work Life Balance"
Vedanta Limited                                                                 ,    3.7, (624)  , Metals & Mining | Lanjigarh +54 other locations                                   , Salary
Motilal Oswal Wealth Management                                                 ,    4.4, (624)  , Financial Services | Mumbai +26 other locations                                   , "Skill Development, Company Culture, Work Life Balance"
Avaada Group                                                                    ,    4.3, (625)  , Power | Noida +71 other locations                                                 , "Work Life Balance, Job Security, Salary"
IRB Infrastructure                                                              ,    3.9, (624)  , Engineering & Construction | Mumbai +72 other locations                           , "Work Life Balance, Salary"
Blackrock                                                                       ,    3.5, (623)  , Financial Services | Gurugram +18 other locations                                 , "Promotions, Work Satisfaction, Skill Development"
Hamilton Housewares                                                             ,    3.8, (623)  , Consumer Electronics & Appliances | Mumbai +56 other locations                    , Promotions
Medcode                                                                         ,    3.8, (623)  , IT Services & Consulting | Hyderabad +10 other locations                          , Skill Development
CSM Technologies                                                                ,    4.0, (622)  , IT Services & Consulting | Bhubaneswar +22 other locations                        , "Work Life Balance, Job Security"
AML RightSource                                                                 ,    2.5, (622)  , IT Services & Consulting | New Delhi +9 other locations                           , "Job Security, Company Culture, Work Satisfaction"
Action Tesa                                                                     ,    3.8, (621)  , Building Material | Sitarganj +64 other locations                                 , Job Security
Aster Dm Healthcare                                                             ,    3.7, (621)  , Healthcare | Bengaluru +39 other locations                                        , "Promotions, Work Satisfaction, Salary"
Karvy Stock Broking                                                             ,    3.6, (620)  , Hyderabad +106 other locations                                                    , "Promotions, Work Life Balance, Company Culture"
Central Reserve Police Force                                                    ,    4.6, (620)  , Government | New Delhi +95 other locations                                        , "Job Security, Salary, Company Culture"
Kirloskar Ferrous Industries                                                    ,    3.6, (620)  , Iron & Steel | Koppal +22 other locations                                         , Job Security
Sapiens                                                                         ,    3.1, (620)  , Software Product | Bengaluru +8 other locations                                   , "Promotions, Skill Development, Work Satisfaction"
Schwing Stetter                                                                 ,    3.8, (620)  , Industrial Machinery | Chennai +44 other locations                                , Job Security
Pyramid IT Consulting                                                           ,    3.1, (619)  , Recruitment | Noida +25 other locations                                           , "Job Security, Promotions, Work Satisfaction"
Trigent Software                                                                ,    3.4, (619)  , IT Services & Consulting | Bengaluru +29 other locations                          , "Job Security, Promotions, Skill Development"
Finastra                                                                        ,    3.7, (618)  , Software Product | Bengaluru +13 other locations                                  , "Work Life Balance, Company Culture"
Nucleus Software Exports                                                        ,    3.3, (618)  , Software Product | Noida +12 other locations                                      , Job Security
Kajaria Ceramics                                                                ,    3.9, (618)  , Building Material | New Delhi +84 other locations                                 , "Work Life Balance, Salary"
Okaya Power                                                                     ,    3.8, (618)  , Electronics Manufacturing | New Delhi +87 other locations                         , Promotions
EaseMyTrip.com                                                                  ,    4.0, (618)  , Travel & Tourism | New Delhi +10 other locations                                  , "Work Life Balance, Work Satisfaction, Skill Development"
Dr. Batras' Positive Health Clinic                                              ,    3.8, (617)  , Healthcare | Mumbai +88 other locations                                           , "Promotions, Salary"
Shivam Autotech                                                                 ,    3.6, (617)  , Auto Components | Gurugram +21 other locations                                    , "Promotions, Salary"
Renovision Automation Services                                                  ,    3.3, (617)  , IT Services & Consulting | New Delhi +71 other locations                          , "Promotions, Salary, Company Culture"
Super Smelters                                                                  ,    3.7, (617)  , Iron & Steel | Asansol +24 other locations                                        , Skill Development
Shivam Autotech                                                                 ,    3.6, (617)  , Auto Components | Gurugram +21 other locations                                    , "Promotions, Salary"
Royaloak Incorporation                                                          ,    3.6, (617)  , Hospitality | Bengaluru +47 other locations                                       , "Job Security, Company Culture, Promotions"
Super Smelters                                                                  ,    3.7, (617)  , Iron & Steel | Asansol +24 other locations                                        , Skill Development
Sudarshan Chemical Industries                                                   ,    3.9, (616)  , Chemicals | Roha +26 other locations                                              , Skill Development
Fiem Industries                                                                 ,    3.7, (616)  , Auto Components | Hosur +29 other locations                                       , Salary
Vyapar                                                                          ,    3.6, (616)  , Software Product | Bengaluru +40 other locations                                  , "Job Security, Promotions, Work Life Balance"
Mavenir Systems                                                                 ,    3.3, (615)  , IT Services & Consulting | Bengaluru +19 other locations                          , "Promotions, Job Security, Company Culture"
Sintex Industries                                                               ,    3.9, (615)  , Industrial Machinery | Ahmedabad +58 other locations                              , "Job Security, Company Culture, Work Life Balance"
Godrej Industries                                                               ,    4.0, (614)  , Real Estate | Mumbai +68 other locations                                          , "Job Security, Work Life Balance, Company Culture"
Infinity Learn                                                                  ,    4.2, (615)  , EdTech | Hyderabad +18 other locations                                            , "Salary, Company Culture, Skill Development"
ThoughtWorks                                                                    ,    3.9, (614)  , IT Services & Consulting | Bengaluru +11 other locations                          , "Work Life Balance, Company Culture, Skill Development"
Agrostar                                                                        ,    3.9, (614)  , Internet | Pune +53 other locations                                               , "Company Culture, Skill Development"
Finolex Industries                                                              ,    3.6, (614)  , Building Material | Pune +72 other locations                                      , "Promotions, Skill Development, Company Culture"
Becton Dickinson                                                                ,    3.9, (613)  , Medical Equipment | Bengaluru +38 other locations                                 , "Company Culture, Job Security, Work Life Balance"
Nspira Management Services                                                      ,    3.7, (613)  , Management Consulting | Hyderabad +59 other locations                             , "Promotions, Skill Development, Salary"
Family Health Plan                                                              ,    3.7, (613)  , Insurance | Hyderabad +36 other locations                                         , "Promotions, Salary, Skill Development"
Mrs Bector's Food Specialities                                                  ,    3.9, (613)  , Hospitality | Greater Noida +89 other locations                                   , "Promotions, Company Culture"
Gestamp                                                                         ,    3.7, (613)  , Auto Components | Pune +14 other locations                                        , "Promotions, Company Culture, Work Satisfaction"
HashedIn by Deloitte                                                            ,    3.9, (612)  , IT Services & Consulting | Bengaluru +16 other locations                          , "Job Security, Company Culture, Skill Development"
Cashify                                                                         ,    3.9, (612)  , Internet | Gurugram +58 other locations                                           , Work Life Balance
Hitachi Systems Micro Clinic                                                    ,    4.0, (612)  , IT Services & Consulting | Mumbai +78 other locations                             , "Work Life Balance, Job Security, Company Culture"
Cyfuture                                                                        ,    3.0, (612)  , IT Services & Consulting | Noida +38 other locations                              , "Promotions, Salary, Company Culture"
Ongc Petro Additions                                                            ,    4.0, (612)  , Petrochemicals | Bharuch +29 other locations                                      , "Job Security, Work Life Balance, Company Culture"
Rocket India                                                                    ,    4.0, (610)  , Financial Services | Chennai +11 other locations                                  , "Job Security, Company Culture, Work Life Balance"
Hpl Electric & Power                                                            ,    3.7, (611)  , Electrical Equipment | Gurugram +70 other locations                               , Work Life Balance
BMC Software                                                                    ,    4.0, (610)  , Software Product | Pune +10 other locations                                       , "Work Life Balance, Company Culture, Salary"
Jubilant Agri and Consumer Products                                             ,    4.0, (611)  , Chemicals | Gurugram +116 other locations                                         , "Salary, Work Life Balance"
Eli Lilly and Company                                                           ,    3.3, (609)  , Pharma | Bengaluru +19 other locations                                            , "Promotions, Work Satisfaction, Company Culture"
Netmeds.com                                                                     ,    3.9, (609)  , Pharma | Chennai +125 other locations                                             , "Work Life Balance, Salary"
ITC Limited Foods Division                                                      ,    3.9, (608)  , Food Processing | Bengaluru +74 other locations                                   , Job Security
BT E Serv                                                                       ,    3.9, (608)  , BPO | Kolkata +6 other locations                                                  , "Work Life Balance, Company Culture, Job Security"
Sterling Oil Exploration & Energy Production                                    ,    3.6, (608)  , Oil & Gas | Lagos +24 other locations                                             , "Promotions, Work Life Balance, Work Satisfaction"
CSG International                                                               ,    3.4, (608)  , IT Services & Consulting | Bengaluru +13 other locations                          , "Promotions, Skill Development, Job Security"
Holiday Inn                                                                     ,    3.9, (608)  , Hospitality | New Delhi +61 other locations                                       , "Job Security, Skill Development"
Royal Caribbean International                                                   ,    4.1, (607)  , Travel & Tourism | Mumbai +26 other locations                                     , "Salary, Company Culture, Skill Development"
Varindera Constructions                                                         ,    4.4, (608)  , Engineering & Construction | New Delhi +27 other locations                        , "Salary, Company Culture, Work Satisfaction"
DHL Global Forwarding                                                           ,    3.9, (606)  , Logistics | Chennai +21 other locations                                           , "Work Life Balance, Job Security, Company Culture"
Jain Irrigation Systems                                                         ,    3.6, (605)  , Agriculture | Jalgaon +89 other locations                                         , "Promotions, Salary, Work Satisfaction"
Toyoda Gosei Minda                                                              ,    4.2, (606)  , Auto Components | Neemrana +24 other locations                                    , "Job Security, Company Culture, Work Life Balance"
IKEA                                                                            ,    4.0, (605)  , Retail | Bengaluru +24 other locations                                            , "Work Life Balance, Company Culture, Salary"
Bharat Biotech International                                                    ,    3.1, (605)  , Biotechnology | Hyderabad +29 other locations                                     , "Promotions, Company Culture, Work Satisfaction"
APL Apollo Tubes                                                                ,    4.1, (605)  , Iron & Steel | Raipur +48 other locations                                         , "Work Satisfaction, Job Security, Skill Development"
Grab A Grub Services                                                            ,    3.9, (605)  , Logistics | Mumbai +115 other locations                                           , Work Life Balance
Heidelberg Cement                                                               ,    4.0, (607)  , Building Material | Damoh +79 other locations                                     , "Work Life Balance, Job Security, Company Culture"
MothersonSumi INfotech & Designs                                                ,    3.4, (604)  , IT Services & Consulting | Noida +18 other locations                              , Job Security
Jayaswal Neco Industries                                                        ,    4.1, (604)  , Iron & Steel | Raipur +31 other locations                                         , "Job Security, Work Life Balance, Skill Development"
Carnival Cruise Lines                                                           ,    4.2, (604)  , Travel & Tourism | Mumbai +31 other locations                                     , "Company Culture, Job Security, Work Life Balance"
C5i                                                                             ,    4.2, (604)  , Analytics & KPO | Bengaluru +16 other locations                                   , "Work Life Balance, Company Culture, Work Satisfaction"
EdgeVerve Systems                                                               ,    3.2, (602)  , Software Product | Bengaluru +16 other locations                                  , Job Security
VDA Infosolutions                                                               ,    3.8, (602)  , IT Services & Consulting | Pune +34 other locations                               , Job Security
Jaipur Rugs                                                                     ,    4.2, (603)  , Fashion & Textile | Jaipur +20 other locations                                    , "Company Culture, Skill Development, Work Life Balance"
Anmol Industries                                                                ,    3.9, (602)  , FMCG | Kolkata +89 other locations                                                , "Company Culture, Work Life Balance"
Dhani Services                                                                  ,    3.6, (602)  , Mumbai +80 other locations                                                        , "Job Security, Promotions, Company Culture"
Consulting Engineers Group                                                      ,    4.1, (602)  , Engineering & Construction | Jaipur +71 other locations                           , "Work Life Balance, Company Culture, Work Satisfaction"
Polaris Consulting                                                              ,    4.2, (601)  , IT Services & Consulting | Hyderabad +18 other locations                          , "Work Life Balance, Job Security, Skill Development"
Blackberrys                                                                     ,    3.7, (601)  , Fashion & Textile | Gurugram +93 other locations                                  , "Job Security, Promotions"
Ofbusiness                                                                      ,    3.0, (601)  , Internet | Gurugram +42 other locations                                           , "Job Security, Work Life Balance, Company Culture"
United Colors of Benetton                                                       ,    4.4, (600)  , Fashion & Textile | Gurugram +74 other locations                                  , "Company Culture, Work Life Balance, Skill Development"
The Saraswat Co-operative Bank                                                  ,    3.2, (601)  , Banking | Mumbai +35 other locations                                              , "Promotions, Salary, Work Satisfaction"
Lulu International Shopping Mall                                                ,    3.7, (600)  , Retail | Bengaluru +42 other locations                                            , "Promotions, Salary"
Vedang Cellular Services                                                        ,    3.8, (598)  , Telecom | Mumbai +69 other locations                                              , Salary
Perficient                                                                      ,    3.7, (597)  , IT Services & Consulting | Chennai +11 other locations                            , "Job Security, Promotions"
Pathkind Diagnostics Private Limited                                            ,    3.9, (597)  , Healthcare | New Delhi +98 other locations                                        , "Skill Development, Work Life Balance, Work Satisfaction"
SIS Prosegur Holdings                                                           ,    3.4, (597)  , Law Enforcement & Security | New Delhi +95 other locations                        , "Promotions, Salary, Work Satisfaction"
Maxicus                                                                         ,    3.9, (598)  , BPO | Vadodara +15 other locations                                                , "Work Life Balance, Company Culture, Work Satisfaction"
HLL Lifecare                                                                    ,    3.8, (597)  , Healthcare | Thiruvananthapuram +114 other locations                              , "Promotions, Salary, Job Security"
Medley Pharmaceuticals                                                          ,    3.9, (596)  , Pharma | Mumbai +77 other locations                                               , "Work Life Balance, Job Security"
IDP Education Limited                                                           ,    3.6, (596)  , Education & Training | Chennai +50 other locations                                , "Promotions, Job Security, Work Satisfaction"
Excitel Broadband                                                               ,    3.7, (595)  , Telecom | New Delhi +43 other locations                                           , "Promotions, Job Security, Company Culture"
DealShare                                                                       ,    3.5, (595)  , Internet | Bengaluru +43 other locations                                          , "Job Security, Promotions, Company Culture"
Columbia Asia                                                                   ,    4.6, (594)  , Healthcare | Bengaluru +18 other locations                                        , "Company Culture, Skill Development, Work Life Balance"
Aurionpro Solutions                                                             ,    3.5, (594)  , Software Product | Mumbai +49 other locations                                     , "Promotions, Work Satisfaction, Skill Development"
Accion Labs                                                                     ,    3.5, (594)  , IT Services & Consulting | Bengaluru +13 other locations                          , "Promotions, Job Security, Company Culture"
Ugam Solution                                                                   ,    3.5, (594)  , IT Services & Consulting | Mumbai +14 other locations                             , Job Security
Bridge & Roof Co                                                                ,    3.4, (592)  , Engineering & Construction | Kolkata +64 other locations                          , "Promotions, Company Culture, Work Life Balance"
Vadilal Industries                                                              ,    4.1, (593)  , FMCG | Ahmedabad +84 other locations                                              , "Job Security, Work Life Balance, Company Culture"
Sanghi Industries                                                               ,    4.0, (592)  , Building Material | Ahmedabad +29 other locations                                 , "Skill Development, Work Life Balance, Work Satisfaction"
Inspira Enterprise India Limited                                                ,    3.6, (592)  , IT Services & Consulting | Mumbai +35 other locations                             , "Promotions, Company Culture, Work Satisfaction"
ShareChat                                                                       ,    3.6, (591)  , Internet | Bengaluru +39 other locations                                          , Salary
Ascent HR Technologies Private Limited                                          ,    3.6, (590)  , Software Product | Bengaluru +16 other locations                                  , "Promotions, Salary, Company Culture"
Apitoria Pharma                                                                 ,    4.3, (590)  , Pharma | Hyderabad +12 other locations                                            , "Work Life Balance, Job Security, Company Culture"
Cvent                                                                           ,    3.2, (590)  , Software Product | Gurugram +9 other locations                                    , "Promotions, Work Satisfaction, Salary"
FNP                                                                             ,    3.7, (590)  , Retail | New Delhi +19 other locations                                            , "Promotions, Job Security"
Orra Fine Jewellery                                                             ,    3.5, (591)  , Jewellery | Mumbai +51 other locations                                            , Salary
BAXY Limited                                                                    ,    4.0, (591)  , Auto Components | Bhiwadi +37 other locations                                     , "Work Life Balance, Job Security, Skill Development"
Expleo Group                                                                    ,    3.5, (591)  , IT Services & Consulting | Pune +10 other locations                               , "Promotions, Salary, Work Satisfaction"
Saudi Aramco                                                                    ,    4.4, (589)  , Oil & Gas | Mumbai +38 other locations                                            , "Work Life Balance, Salary, Company Culture"
NLC India Limited                                                               ,    4.4, (590)  , Metals & Mining | Neyveli +27 other locations                                     , "Work Life Balance, Job Security, Company Culture"
Iron Mountain Inc                                                               ,    3.7, (589)  , IT Services & Consulting | Bengaluru +49 other locations                          , "Promotions, Job Security, Skill Development"
Affinity Express                                                                ,    2.8, (588)  , Marketing & Advertising | Pune +12 other locations                                , "Promotions, Work Satisfaction, Company Culture"
Hettich                                                                         ,    3.6, (588)  , Furniture & Furnishing | Mumbai +44 other locations                               , "Promotions, Work Satisfaction, Company Culture"
Jindal Poly Films                                                               ,    3.7, (587)  , Packaging | Nashik +18 other locations                                            , "Promotions, Job Security, Company Culture"
Efs Facilities Services                                                         ,    3.8, (587)  , Facility Management Services | New Delhi +60 other locations                      , "Promotions, Salary"
Kellogg                                                                         ,    4.2, (587)  , FMCG | Mumbai +84 other locations                                                 , "Company Culture, Work Life Balance, Job Security"
Dr. Reddy's Foundation                                                          ,    3.7, (587)  , Non-Profit | Hyderabad +89 other locations                                        , Promotions
AVTEC                                                                           ,    3.5, (586)  , Auto Components | Hosur +27 other locations                                       , "Promotions, Job Security, Salary"
Maharashtra State Electricity Distribution Company                              ,    4.2, (586)  , Power | Pune +90 other locations                                                  , "Company Culture, Skill Development, Work Life Balance"
Coal India                                                                      ,    3.9, (586)  , Metals & Mining | Kolkata +60 other locations                                     , "Job Security, Salary, Work Life Balance"
Colt Technology Services                                                        ,    4.2, (587)  , Hardware & Networking | Gurugram +13 other locations                              , "Company Culture, Work Life Balance, Work Satisfaction"
Kauvery Hospital                                                                ,    4.0, (586)  , Healthcare | Chennai +20 other locations                                          , "Job Security, Company Culture, Work Life Balance"
Gandhi Automations                                                              ,    4.0, (585)  , Industrial Machinery | Mumbai +24 other locations                                 , "Salary, Job Security, Promotions"
Allianz Services                                                                ,    4.1, (585)  , Insurance | Thiruvananthapuram +13 other locations                                , "Job Security, Company Culture, Work Life Balance"
Army Public School                                                              ,    4.0, (585)  , Education & Training | New Delhi +97 other locations                              , "Skill Development, Salary, Work Life Balance"
Alcon                                                                           ,    3.8, (584)  , Medical Equipment | Bengaluru +38 other locations                                 , "Salary, Work Life Balance"
PureSoftware                                                                    ,    2.9, (583)  , Software Product | Noida +10 other locations                                      , "Job Security, Promotions, Skill Development"
Capital Numbers Infotech                                                        ,    4.1, (583)  , IT Services & Consulting | Kolkata +9 other locations                             , "Work Life Balance, Company Culture, Work Satisfaction"
Pamac Finserve                                                                  ,    3.2, (583)  , BPO | Mumbai +60 other locations                                                  , "Promotions, Salary, Work Life Balance"
HUDL                                                                            ,    3.2, (583)  , Software Product | Mumbai +16 other locations                                     , "Promotions, Skill Development, Job Security"
Jubilant Generics                                                               ,    3.9, (582)  , Pharma | Roorkee +24 other locations                                              , Salary
Axiscades                                                                       ,    3.1, (582)  , IT Services & Consulting | Bengaluru +13 other locations                          , "Promotions, Salary, Company Culture"
Damco Solutions                                                                 ,    3.4, (582)  , IT Services & Consulting | Noida +22 other locations                              , "Promotions, Work Satisfaction, Skill Development"
PTC                                                                             ,    4.2, (582)  , Software Product | Pune +39 other locations                                       , "Work Life Balance, Company Culture, Job Security"
Prochant                                                                        ,    3.8, (582)  , Analytics & KPO | Chennai +10 other locations                                     , Work Life Balance
Country Delight                                                                 ,    3.9, (582)  , Hospitality | Gurugram +36 other locations                                        , "Work Life Balance, Salary"
Ambit Finvest                                                                   ,    4.0, (581)  , NBFC | Mumbai +118 other locations                                                , "Salary, Company Culture, Work Life Balance"
PayU Payments                                                                   ,    3.3, (581)  , FinTech | Gurugram +22 other locations                                            , "Promotions, Work Satisfaction, Job Security"
Hilton                                                                          ,    4.1, (581)  , Hospitality | Bengaluru +41 other locations                                       , "Company Culture, Job Security, Skill Development"
Fenesta Building Systems                                                        ,    4.0, (581)  , Building Material | Gurugram +74 other locations                                  , "Job Security, Company Culture, Work Life Balance"
QSpiders                                                                        ,    3.7, (581)  , Education & Training | Bengaluru +26 other locations                              , "Promotions, Job Security, Salary"
Laxmi Organic Industries                                                        ,    3.8, (580)  , Chemicals | Mahad +21 other locations                                             , Promotions
BEML                                                                            ,    3.7, (579)  , Industrial Machinery | Bengaluru +36 other locations                              , Job Security
Crystal Crop Protection                                                         ,    3.9, (579)  , Agro Chemicals | New Delhi +90 other locations                                    , "Work Life Balance, Salary"
Quest Retail Private Limited                                                    ,    4.0, (579)  , Retail | Gurugram +64 other locations                                             , "Company Culture, Work Life Balance, Job Security"
Matrimonialsindia                                                               ,    4.9, (579)  , Internet | New Delhi +1 other locations                                           , "Company Culture, Work Life Balance, Work Satisfaction"
Congruex Asia Pacific                                                           ,    3.7, (579)  , Engineering & Construction | Sahibzada Ajit Singh Nagar +24 other locations       , "Company Culture, Work Life Balance"
Empower                                                                         ,    3.9, (578)  , Financial Services | Bengaluru +12 other locations                                , "Job Security, Work Life Balance, Salary"
ArcelorMittal                                                                   ,    4.0, (579)  , Iron & Steel | Surat +50 other locations                                          , "Work Life Balance, Job Security, Company Culture"
Icl Fincorp                                                                     ,    4.7, (577)  , NBFC | Thrissur +65 other locations                                               , "Company Culture, Work Life Balance, Work Satisfaction"
Genesys International Corporation                                               ,    3.2, (576)  , IT Services & Consulting | Mumbai +15 other locations                             , "Promotions, Salary, Work Life Balance"
Wood Group                                                                      ,    3.8, (576)  , Engineering & Construction | Chennai +29 other locations                          , "Work Life Balance, Salary"
GAMMON INDIA                                                                    ,    3.7, (576)  , Engineering & Construction | Mumbai +72 other locations                           , "Company Culture, Work Satisfaction, Skill Development"
Voyants Solutions                                                               ,    3.7, (575)  , Engineering & Construction | Gurugram +96 other locations                         , "Promotions, Job Security, Skill Development"
HBL Power Systems                                                               ,    4.0, (575)  , Electrical Equipment | Hyderabad +49 other locations                              , Work Life Balance
Maxop Engineering Co.                                                           ,    4.1, (575)  , Auto Components | Gurugram +17 other locations                                    , "Salary, Skill Development, Work Life Balance"
AVIOM                                                                           ,    4.0, (575)  , NBFC | New Delhi +190 other locations                                             , "Salary, Work Life Balance, Work Satisfaction"
McCain Foods                                                                    ,    4.0, (575)  , FMCG | Mahesana +73 other locations                                               , "Salary, Work Life Balance, Company Culture"
Toyota Industries Engine India                                                  ,    4.3, (575)  , Auto Components | Bengaluru +15 other locations                                   , "Company Culture, Job Security, Work Life Balance"
Applied Materials                                                               ,    3.7, (574)  , Semiconductors | Bengaluru +11 other locations                                    , Promotions
SAEL Industries Limited                                                         ,    3.9, (574)  , Power | New Delhi +65 other locations                                             , "Work Life Balance, Salary"
Vishwa Samudra Engineering                                                      ,    3.6, (574)  , Engineering & Construction | Hyderabad +45 other locations                        , "Promotions, Job Security, Company Culture"
Magma General Insurance Limited                                                 ,    3.8, (574)  , Insurance | Mumbai +87 other locations                                            , Promotions
WayCool Foods and Products                                                      ,    3.4, (574)  , FMCG | Chennai +42 other locations                                                , "Job Security, Promotions, Company Culture"
Pinnacle Infotech                                                               ,    3.4, (573)  , IT Services & Consulting | Durgapur +19 other locations                           , Job Security
TSYS|Total System Services                                                      ,    4.1, (573)  , FinTech | Pune +11 other locations                                                , "Work Life Balance, Company Culture, Salary"
Premier Energies                                                                ,    4.0, (574)  , Electronics Manufacturing | Hyderabad +27 other locations                         , "Company Culture, Work Life Balance, Job Security"
J K Fenner                                                                      ,    3.9, (573)  , Engineering & Construction | Chennai +56 other locations                          , Promotions
Prestige Group                                                                  ,    4.3, (573)  , Real Estate | Bengaluru +32 other locations                                       , "Work Life Balance, Job Security, Company Culture"
Lear Corporation                                                                ,    4.0, (572)  , Auto Components | Pune +19 other locations                                        , "Work Life Balance, Company Culture, Job Security"
BUSINESSNEXT                                                                    ,    3.5, (571)  , Software Product | Noida +9 other locations                                       , "Promotions, Work Satisfaction, Skill Development"
Baker Hughes                                                                    ,    4.0, (571)  , Oil & Gas | Bengaluru +38 other locations                                         , "Work Life Balance, Company Culture, Salary"
Paras Dairy                                                                     ,    3.4, (571)  , Food Processing | New Delhi +60 other locations                                   , "Job Security, Promotions, Company Culture"
Sandoz                                                                          ,    3.9, (571)  , Hospitality | Hyderabad +21 other locations                                       , "Salary, Company Culture, Work Life Balance"
Adani Cement                                                                    ,    3.5, (572)  , Building Material | Ahmedabad +149 other locations                                , "Promotions, Job Security, Company Culture"
Paramount Health Services Tpa                                                   ,    3.8, (571)  , Insurance | Mumbai +40 other locations                                            , Work Life Balance
AVEVA                                                                           ,    4.0, (571)  , Software Product | Hyderabad +14 other locations                                  , "Work Life Balance, Company Culture"
Dishman Carbogen Amcis                                                          ,    3.5, (570)  , Pharma | Ahmedabad +15 other locations                                            , Work Life Balance
Andritz Hydro Location India                                                    ,    3.8, (570)  , Industrial Machinery | Chennai +28 other locations                                , Job Security
UTL Solar                                                                       ,    3.6, (569)  , Electronics Manufacturing | New Delhi +81 other locations                         , "Promotions, Company Culture, Job Security"
Transport Corporation Of India                                                  ,    3.8, (569)  , Logistics | Gurugram +83 other locations                                          , Job Security
MR.DIY                                                                          ,    3.4, (570)  , Retail | Mumbai +87 other locations                                               , "Company Culture, Work Satisfaction, Work Life Balance"
Western Refrigeration                                                           ,    3.8, (568)  , Industrial Machinery | Vapi +43 other locations                                   , "Job Security, Salary"
Amway India Enterprises                                                         ,    4.0, (568)  , Fitness & Wellness | Gurugram +80 other locations                                 , "Work Life Balance, Company Culture, Salary"
"DATAMARK, Inc."                                                                ,    3.5, (568)  , BPO | Chennai +13 other locations                                                 , "Promotions, Salary, Work Satisfaction"
Micromax Informatics                                                            ,    3.9, (567)  , Consumer Electronics & Appliances | New Delhi +118 other locations                , Work Life Balance
SoftAge Information Technology                                                  ,    3.6, (567)  , IT Services & Consulting | Gurugram +127 other locations                          , "Promotions, Job Security"
Levi Strauss & Co.                                                              ,    4.2, (566)  , Fashion & Textile | Bengaluru +80 other locations                                 , "Company Culture, Work Life Balance, Work Satisfaction"
Titan Engineering & Automation                                                  ,    3.8, (568)  , Engineering & Construction | Hosur +18 other locations                            , "Job Security, Skill Development"
DB Schenker                                                                     ,    4.3, (566)  , Logistics | Gurugram +40 other locations                                          , "Work Life Balance, Company Culture, Work Satisfaction"
Unified Mentor                                                                  ,    4.1, (565)  , IT Services & Consulting | Bengaluru +46 other locations                          , "Work Life Balance, Skill Development, Work Satisfaction"
Mahendra NextWealth IT                                                          ,    3.4, (564)  , IT Services & Consulting | Salem +26 other locations                              , "Promotions, Salary, Company Culture"
Navin Fluorine International                                                    ,    3.8, (564)  , Chemicals | Surat +17 other locations                                             , "Salary, Job Security"
NAV Backoffice                                                                  ,    3.8, (564)  , Accounting & Auditing | Jaipur +10 other locations                                , "Salary, Company Culture, Promotions"
Hitachi Cash Management Services                                                ,    3.1, (563)  , Other | Mumbai +105 other locations                                               , "Promotions, Company Culture, Work Satisfaction"
Vindhya e-Info Media                                                            ,    3.9, (563)  , BPO | Bengaluru +19 other locations                                               , "Company Culture, Work Life Balance, Job Security"
Datamatics Business Solutions                                                   ,    3.3, (563)  , Management Consulting | Mumbai +13 other locations                                , "Promotions, Salary, Work Satisfaction"
United Spirits                                                                  ,    4.0, (562)  , Beverage | Bengaluru +96 other locations                                          , "Skill Development, Salary, Company Culture"
Bajaj Consumer Care                                                             ,    3.8, (563)  , FMCG | Mumbai +113 other locations                                                , "Company Culture, Work Life Balance"
Renault                                                                         ,    3.9, (562)  , Automobile | Chennai +148 other locations                                         , "Company Culture, Work Life Balance, Job Security"
Marelli                                                                         ,    3.5, (562)  , Auto Components | Gurugram +18 other locations                                    , "Promotions, Skill Development, Company Culture"
Harman Finochem                                                                 ,    3.6, (563)  , Pharma | Chhatrapati Sambhajinagar +14 other locations                            , "Company Culture, Promotions, Job Security"
Solara Active Pharma Sciences                                                   ,    3.7, (563)  , Pharma | Chennai +20 other locations                                              , "Promotions, Company Culture"
LendingKart                                                                     ,    3.6, (561)  , NBFC | Ahmedabad +46 other locations                                              , "Promotions, Job Security, Skill Development"
MITS Global Consulting                                                          ,    4.5, (562)  , Recruitment | Mumbai +12 other locations                                          , "Company Culture, Work Life Balance, Salary"
Toothsi                                                                         ,    2.7, (559)  , Internet | Mumbai +20 other locations                                             , "Job Security, Promotions, Company Culture"
The Times of India                                                              ,    3.6, (558)  , Media & Entertainment | New Delhi +53 other locations                             , "Promotions, Salary, Work Satisfaction"
AM Infoweb                                                                      ,    3.8, (558)  , BPO | Pune +8 other locations                                                     , Skill Development
IKF Finance                                                                     ,    3.9, (559)  , NBFC | Hyderabad +133 other locations                                             , "Salary, Company Culture, Work Life Balance"
Haldiram Snacks                                                                 ,    3.9, (558)  , Food Processing | Noida +69 other locations                                       , Promotions
WPP Media                                                                       ,    3.6, (558)  , Marketing & Advertising | Gurugram +27 other locations                            , Job Security
Artemis Hospitals                                                               ,    4.1, (558)  , Healthcare | Gurugram +20 other locations                                         , "Work Life Balance, Skill Development, Work Satisfaction"
Innominds Software                                                              ,    3.2, (557)  , IT Services & Consulting | Hyderabad +7 other locations                           , "Promotions, Job Security, Company Culture"
Carlsberg                                                                       ,    4.0, (557)  , Beverage | Gurugram +68 other locations                                           , "Job Security, Salary, Company Culture"
FiveS Digital                                                                   ,    3.3, (558)  , BPO | Jamshedpur +27 other locations                                              , "Salary, Promotions, Job Security"
GSPANN Technologies                                                             ,    4.0, (556)  , IT Services & Consulting | Hyderabad +9 other locations                           , "Company Culture, Work Life Balance, Job Security"
Kellogg Brown and Root                                                          ,    4.1, (556)  , Engineering & Construction | Chennai +36 other locations                          , "Work Life Balance, Company Culture, Work Satisfaction"
Bharat Fritz Werner                                                             ,    3.9, (555)  , Industrial Machinery | Bengaluru +18 other locations                              , Skill Development
Courtyard by Marriott                                                           ,    4.2, (555)  , Hospitality | Mumbai +41 other locations                                          , "Job Security, Company Culture, Skill Development"
Kirloskar Pneumatic                                                             ,    4.0, (556)  , Industrial Machinery | Pune +22 other locations                                   , "Job Security, Company Culture, Work Life Balance"
Herbalife International                                                         ,    4.0, (555)  , Healthcare | Bengaluru +85 other locations                                        , "Work Life Balance, Company Culture, Salary"
L & W Constructions                                                             ,    3.9, (554)  , Engineering & Construction | Bengaluru +19 other locations                        , "Salary, Skill Development"
